WellId,API,Date,Oil,Gas,Water,State,County,Field,Operator,Days,DailyOil,DailyGas,DailyWater
0bcc9e07-248f-4533-8b36-b79a340c413b,3002543673,1/1/2018 12:00:00 AM,9935,14558,37134,New Mexico,LEA,WC-025 G-06 S263319P,CHEVRON U S A INC,9,1104,1618,4126
b563fa43-6dff-43ae-9c5a-6287df3a96ef,3002543675,1/1/2018 12:00:00 AM,11125,16598,42305,New Mexico,LEA,WC-025 G-06 S263319P,CHEVRON U S A INC,9,1236,1844,4701
20c3956f-4712-48e1-a0b6-24194bc93e29,3001543690,1/1/2018 12:00:00 AM,4647,16223,80287,New Mexico,EDDY,PURPLE SAGE,"CHISHOLM ENERGY OPERATING, LLC",22,211,737,3649
4cdaedc4-9844-448b-991a-76da7e1d0293,3002544123,1/1/2018 12:00:00 AM,1250,1423,301,New Mexico,LEA,MALJAMAR,"CML EXPLORATION, LLC",12,104,119,25
703b4f78-af7e-40f0-a0e3-6fb9dd2205a0,3001543999,1/1/2018 12:00:00 AM,10702,7907,25179,New Mexico,EDDY,N. SEVEN RIVERS,COG OPERATING LLC,22,486,359,1145
85f88048-142e-4b8d-9a94-c6623b6cb933,3002542116,1/1/2018 12:00:00 AM,17,4306,164006,New Mexico,LEA,VACUUM,CONOCOPHILLIPS COMPANY,31,1,139,5291
1ef1ccfc-5c9b-43e9-b2fc-cd1bddc2549a,33053070610000,1/1/2018 12:00:00 AM,2373,5006,5788,North Dakota,MC KENZIE,,"CONTINENTAL RESOURCES, INC.",6,396,834,965
2a5e5a33-dd4d-49f0-b41e-db043b07f4d2,33053078230000,1/1/2018 12:00:00 AM,822,1758,3634,North Dakota,MC KENZIE,,"CONTINENTAL RESOURCES, INC.",4,206,440,909
00595df1-52de-4c90-9af7-a0911113c34c,33025029680000,2/1/2018 12:00:00 AM,10136,11053,53185,North Dakota,DUNN,,"CONTINENTAL RESOURCES, INC.",28,362,395,1899
00595df1-52de-4c90-9af7-a0911113c34c,33025029680000,1/1/2018 12:00:00 AM,8370,8312,48628,North Dakota,DUNN,,"CONTINENTAL RESOURCES, INC.",24,349,346,2026
36e8b51f-32c5-45bb-9e79-0c281b833865,33053068220000,1/1/2018 12:00:00 AM,792,871,1027,North Dakota,MC KENZIE,,"CONTINENTAL RESOURCES, INC.",7,113,124,147
a49790bf-b4b2-4558-8813-07f3f072ad93,33025029690000,2/1/2018 12:00:00 AM,7183,7150,48438,North Dakota,DUNN,,"CONTINENTAL RESOURCES, INC.",28,257,255,1730
a49790bf-b4b2-4558-8813-07f3f072ad93,33025029690000,1/1/2018 12:00:00 AM,5903,5731,50313,North Dakota,DUNN,,"CONTINENTAL RESOURCES, INC.",24,246,239,2096
2e852d7a-bea1-4e3c-9f93-01df39214ec1,33053068210000,1/1/2018 12:00:00 AM,1709,3881,591,North Dakota,MC KENZIE,,"CONTINENTAL RESOURCES, INC.",9,190,431,66
5eae641d-4f6a-41ba-b5c7-78af15b3029e,33053070620000,1/1/2018 12:00:00 AM,1584,2660,3424,North Dakota,MC KENZIE,,"CONTINENTAL RESOURCES, INC.",6,264,443,571
3753191c-0b63-4381-a7a7-ef5aceea585e,33053068200000,2/1/2018 12:00:00 AM,0,0,0,North Dakota,MC KENZIE,,"CONTINENTAL RESOURCES, INC.",0,0,0,0
3753191c-0b63-4381-a7a7-ef5aceea585e,33053068200000,1/1/2018 12:00:00 AM,1903,3881,666,North Dakota,MC KENZIE,,"CONTINENTAL RESOURCES, INC.",5,381,776,133
9f6a2f53-ae29-449f-9176-caeae3ced40c,35063246890000,1/1/2018 12:00:00 AM,0,52457,0,Oklahoma,HUGHES,,CORTERRA ENERGY OPERATING LLC,31,0,1692,0
52d0444b-7635-4fe5-b18b-a2c99c7d1ab6,4304753939,1/1/2018 12:00:00 AM,375,0,609,Utah,UINTAH,,CRESCENT POINT ENERGY U.S. CORP,31,12,0,20
83680e3f-b140-4d0c-a982-d1a614edc307,4304755121,1/1/2018 12:00:00 AM,18424,10874,16941,Utah,UINTAH,,CRESCENT POINT ENERGY U.S. CORP,31,594,351,546
56bd1da6-e7b7-45d9-a701-d0d76b18154b,4304754038,1/1/2018 12:00:00 AM,10952,5323,28955,Utah,UINTAH,,CRESCENT POINT ENERGY U.S. CORP,24,456,222,1206
67feb3cf-5c18-4a67-81ad-16c9165d23f3,4304755380,1/1/2018 12:00:00 AM,15779,8325,16471,Utah,UINTAH,,CRESCENT POINT ENERGY U.S. CORP,31,509,269,531
dd6df63b-ae53-491f-9497-15b817bfb173,4304755791,1/1/2018 12:00:00 AM,5112,2362,10630,Utah,UINTAH,,CRESCENT POINT ENERGY U.S. CORP,31,165,76,343
d17fd455-dce3-42f9-987c-99ace4789b35,4304754037,1/1/2018 12:00:00 AM,11883,1276,35299,Utah,UINTAH,,CRESCENT POINT ENERGY U.S. CORP,27,440,47,1307
b709449c-230a-4282-8973-1e4bf0759f5e,4301351078,1/1/2018 12:00:00 AM,6544,0,2021,Utah,DUCHESNE,,CRESCENT POINT ENERGY U.S. CORP,27,242,0,75
e10165a7-0e1f-4aef-b560-909743941134,33105042840000,2/1/2018 12:00:00 AM,419,122,1753,North Dakota,WILLIAMS,,CRESCENT POINT ENERGY U.S. CORP.,28,15,4,63
6b019cfa-1b03-4834-aff2-412bcd95cf58,33105042850000,2/1/2018 12:00:00 AM,0,0,598,North Dakota,WILLIAMS,,CRESCENT POINT ENERGY U.S. CORP.,3,0,0,199
1c05612b-23d3-4276-a5ad-266bf57ae269,33105041300000,2/1/2018 12:00:00 AM,419,122,1753,North Dakota,WILLIAMS,,CRESCENT POINT ENERGY U.S. CORP.,28,15,4,63
5d445147-0b75-4718-8c4f-74113b1398c0,33105040890000,2/1/2018 12:00:00 AM,52,52,631,North Dakota,WILLIAMS,,CRESCENT POINT ENERGY U.S. CORP.,28,2,2,23
b2d32f11-6448-4d18-ab2d-35ac0a428028,33105042860000,2/1/2018 12:00:00 AM,57,61,598,North Dakota,WILLIAMS,,CRESCENT POINT ENERGY U.S. CORP.,28,2,2,21
86e025f7-e72e-41ba-89f7-398c498f6ebf,3002543252,1/1/2018 12:00:00 AM,656,64,2700,New Mexico,LEA,TEAS,"LEGACY RESERVES OPERATING, LP",18,36,4,150
f6bd0987-635d-42be-ad38-4b476a6eeb9b,3002543250,1/1/2018 12:00:00 AM,1273,87,819,New Mexico,LEA,TEAS,"LEGACY RESERVES OPERATING, LP",3,424,29,273
a920e9a2-d3c5-4c39-951e-525c743d0528,3001544499,1/1/2018 12:00:00 AM,329,346,4638,New Mexico,EDDY,CROW FLATS,MACK ENERGY CORP,7,47,49,663
8b507aa5-0891-4459-ad3b-ca1c1c843a2d,33025032670000,1/1/2018 12:00:00 AM,11991,9909,0,North Dakota,DUNN,,MARATHON OIL COMPANY,7,1713,1416,0
eeda931f-f41b-4efc-9296-8e9317ad3ef0,33025032700000,2/1/2018 12:00:00 AM,38142,38621,0,North Dakota,DUNN,,MARATHON OIL COMPANY,16,2384,2414,0
eeda931f-f41b-4efc-9296-8e9317ad3ef0,33025032700000,1/1/2018 12:00:00 AM,4608,5851,0,North Dakota,DUNN,,MARATHON OIL COMPANY,4,1152,1463,0
22ec4810-0269-472d-9351-8e128c6cec84,33053065180000,2/1/2018 12:00:00 AM,11489,20378,14619,North Dakota,MC KENZIE,,MARATHON OIL COMPANY,15,766,1359,975
22ec4810-0269-472d-9351-8e128c6cec84,33053065180000,1/1/2018 12:00:00 AM,14898,24077,4777,North Dakota,MC KENZIE,,MARATHON OIL COMPANY,23,648,1047,208
bf2e07c3-43d5-4c96-b7b8-ed30d3ba4cb6,33025032940000,2/1/2018 12:00:00 AM,35695,23970,35355,North Dakota,DUNN,,MARATHON OIL COMPANY,17,2100,1410,2080
bf2e07c3-43d5-4c96-b7b8-ed30d3ba4cb6,33025032940000,1/1/2018 12:00:00 AM,61186,38209,17719,North Dakota,DUNN,,MARATHON OIL COMPANY,21,2914,1819,844
5bf3c1e1-598b-4f04-9323-c2b750e8b8f7,33025032690000,2/1/2018 12:00:00 AM,39843,43196,0,North Dakota,DUNN,,MARATHON OIL COMPANY,27,1476,1600,0
5bf3c1e1-598b-4f04-9323-c2b750e8b8f7,33025032690000,1/1/2018 12:00:00 AM,732,782,0,North Dakota,DUNN,,MARATHON OIL COMPANY,3,244,261,0
221db1e1-fd93-4a4f-b610-4d90876c5f1b,33025032930000,2/1/2018 12:00:00 AM,25950,15564,21247,North Dakota,DUNN,,MARATHON OIL COMPANY,14,1854,1112,1518
221db1e1-fd93-4a4f-b610-4d90876c5f1b,33025032930000,1/1/2018 12:00:00 AM,26905,19516,0,North Dakota,DUNN,,MARATHON OIL COMPANY,11,2446,1774,0
845c014b-e978-48bd-bae1-be2534cac8ce,33025032680000,2/1/2018 12:00:00 AM,34028,31470,2695,North Dakota,DUNN,,MARATHON OIL COMPANY,17,2002,1851,159
845c014b-e978-48bd-bae1-be2534cac8ce,33025032680000,1/1/2018 12:00:00 AM,4290,4574,0,North Dakota,DUNN,,MARATHON OIL COMPANY,4,1073,1144,0
34e06e8e-a7f2-45dd-8e7b-9feb18011fe8,3001543869,1/1/2018 12:00:00 AM,8860,20110,24655,New Mexico,EDDY,PURPLE SAGE,MARATHON OIL PERMIAN LLC,27,328,745,913
11cf397e-98f8-413e-a017-cd3d8e1f1634,3001542733,1/1/2018 12:00:00 AM,9164,21984,32864,New Mexico,EDDY,PURPLE SAGE,MARATHON OIL PERMIAN LLC,27,339,814,1217
22977fc2-ac43-4926-9afd-c8448b5b40c7,3001542732,1/1/2018 12:00:00 AM,9347,24812,42774,New Mexico,EDDY,PURPLE SAGE,MARATHON OIL PERMIAN LLC,25,374,992,1711
84554e7f-ba8d-45c9-be3b-4719846a0fb4,33053074120000,1/1/2018 12:00:00 AM,23320,1364,9302,North Dakota,MC KENZIE,,XTO ENERGY INC.,15,1555,91,620
69736304-67ba-4cdf-9b93-ff70205ad962,33053074130000,2/1/2018 12:00:00 AM,14063,13750,21168,North Dakota,MC KENZIE,,XTO ENERGY INC.,9,1563,1528,2352
69736304-67ba-4cdf-9b93-ff70205ad962,33053074130000,1/1/2018 12:00:00 AM,12619,1087,0,North Dakota,MC KENZIE,,XTO ENERGY INC.,7,1803,155,0
361ddfc6-472d-44b2-90d5-8f58a2056d8e,33053074160000,2/1/2018 12:00:00 AM,0,0,0,North Dakota,MC KENZIE,,XTO ENERGY INC.,0,0,0,0
361ddfc6-472d-44b2-90d5-8f58a2056d8e,33053074160000,1/1/2018 12:00:00 AM,27492,2248,10043,North Dakota,MC KENZIE,,XTO ENERGY INC.,16,1718,141,628
3cb68e00-f788-4bba-8597-079908526251,33053074150000,2/1/2018 12:00:00 AM,14539,12521,18731,North Dakota,MC KENZIE,,XTO ENERGY INC.,9,1615,1391,2081
3cb68e00-f788-4bba-8597-079908526251,33053074150000,1/1/2018 12:00:00 AM,14636,1114,11958,North Dakota,MC KENZIE,,XTO ENERGY INC.,7,2091,159,1708
12bf9960-1d73-463f-92fd-cc098ece31fd,33105044560000,2/1/2018 12:00:00 AM,3096,2715,3584,North Dakota,WILLIAMS,,"ZAVANNA, LLC",3,1032,0,1195
218ca53e-41ac-4333-8b5b-e1cc0fd2bd2e,33025031400000,12/1/2017 12:00:00 AM,0,0,0,North Dakota,DUNN,,"WPX ENERGY WILLISTON, LLC",0,0,0,0
218ca53e-41ac-4333-8b5b-e1cc0fd2bd2e,33025031400000,11/1/2017 12:00:00 AM,0,0,0,North Dakota,DUNN,,"WPX ENERGY WILLISTON, LLC",0,0,0,0
68f52234-5221-415c-b142-b041a4d9d9d4,33025031390000,2/1/2018 12:00:00 AM,25187,27648,23718,North Dakota,DUNN,,"WPX ENERGY WILLISTON, LLC",27,933,1024,878
68f52234-5221-415c-b142-b041a4d9d9d4,33025031390000,1/1/2018 12:00:00 AM,10005,8709,7273,North Dakota,DUNN,,"WPX ENERGY WILLISTON, LLC",15,667,581,485
68f52234-5221-415c-b142-b041a4d9d9d4,33025031390000,12/1/2017 12:00:00 AM,0,0,0,North Dakota,DUNN,,"WPX ENERGY WILLISTON, LLC",0,0,0,0
68f52234-5221-415c-b142-b041a4d9d9d4,33025031390000,11/1/2017 12:00:00 AM,0,0,0,North Dakota,DUNN,,"WPX ENERGY WILLISTON, LLC",0,0,0,0
427c6de8-fb67-482c-a43e-13542bc00672,33025031410000,2/1/2018 12:00:00 AM,23912,24770,21029,North Dakota,DUNN,,"WPX ENERGY WILLISTON, LLC",26,920,953,809
427c6de8-fb67-482c-a43e-13542bc00672,33025031410000,1/1/2018 12:00:00 AM,18379,15089,9789,North Dakota,DUNN,,"WPX ENERGY WILLISTON, LLC",20,919,754,489
427c6de8-fb67-482c-a43e-13542bc00672,33025031410000,12/1/2017 12:00:00 AM,0,0,0,North Dakota,DUNN,,"WPX ENERGY WILLISTON, LLC",0,0,0,0
427c6de8-fb67-482c-a43e-13542bc00672,33025031410000,11/1/2017 12:00:00 AM,0,0,0,North Dakota,DUNN,,"WPX ENERGY WILLISTON, LLC",0,0,0,0
218ca53e-41ac-4333-8b5b-e1cc0fd2bd2e,33025031400000,2/1/2018 12:00:00 AM,37954,37315,15957,North Dakota,DUNN,,"WPX ENERGY WILLISTON, LLC",28,1356,1333,570
25038df3-b05f-4fbb-86ab-29403404620c,3002543892,1/1/2018 12:00:00 AM,10039,15758,63461,New Mexico,LEA,HARDIN TANK,EOG RESOURCES INC,31,324,508,2047
6e23825f-b2a2-4c43-9136-785b2a183e99,3002544060,1/1/2018 12:00:00 AM,25760,40970,92248,New Mexico,LEA,HARDIN TANK,EOG RESOURCES INC,31,831,1322,2976
4f60b408-3a28-42d4-a5f0-d245641683fc,3002544008,1/1/2018 12:00:00 AM,39645,75350,91442,New Mexico,LEA,SANDERS TANK,EOG RESOURCES INC,31,1279,2431,2950
430905d9-8e4b-40b3-97d4-9aa7581e830d,3002543923,1/1/2018 12:00:00 AM,32804,43427,120051,New Mexico,LEA,RED TANK,EOG RESOURCES INC,31,1058,1401,3873
35b7a95e-6175-4f2a-9d56-afc01e0ec300,3002541378,1/1/2018 12:00:00 AM,6176,6529,21817,New Mexico,LEA,BERRY,EOG RESOURCES INC,8,772,816,2727
35b7a95e-6175-4f2a-9d56-afc01e0ec300,3002541378,11/1/2017 12:00:00 AM,0,0,0,New Mexico,LEA,BERRY,EOG RESOURCES INC,0,0,0,0
35b7a95e-6175-4f2a-9d56-afc01e0ec300,3002541378,10/1/2017 12:00:00 AM,0,0,0,New Mexico,LEA,BERRY,EOG RESOURCES INC,0,0,0,0
7c5da16c-2ec2-4cce-9da6-68ba85244c4c,3002544061,1/1/2018 12:00:00 AM,19097,32583,65423,New Mexico,LEA,HARDIN TANK,EOG RESOURCES INC,31,616,1051,2110
ae43f99f-7bf9-4c07-94e4-6c0404afda5f,3002544006,1/1/2018 12:00:00 AM,44234,89003,89150,New Mexico,LEA,SANDERS TANK,EOG RESOURCES INC,31,1427,2871,2876
7d00533e-552d-40c8-a21a-51eebb70de4f,3002544103,1/1/2018 12:00:00 AM,4118,8907,85769,New Mexico,LEA,HARDIN TANK,EOG RESOURCES INC,29,142,307,2958
f23ba963-ceaa-4a0b-b901-2a15c4507b87,3002543933,1/1/2018 12:00:00 AM,19158,24832,55294,New Mexico,LEA,HARDIN TANK,EOG RESOURCES INC,31,618,801,1784
8021d580-ef8d-4190-a5d1-216e0fe72fd3,3002543893,1/1/2018 12:00:00 AM,17985,25233,60591,New Mexico,LEA,HARDIN TANK,EOG RESOURCES INC,31,580,814,1955
13dd2baf-8a57-4fc7-ac28-34fbd04cff7c,3002544007,1/1/2018 12:00:00 AM,56410,112310,112995,New Mexico,LEA,SANDERS TANK,EOG RESOURCES INC,31,1820,3623,3645
91d472c6-8452-41cb-9335-a3f9cf357c03,3002543894,1/1/2018 12:00:00 AM,14908,20134,43702,New Mexico,LEA,HARDIN TANK,EOG RESOURCES INC,31,481,649,1410
c63195c6-f342-4ac7-877e-4acfc526c673,3002544009,1/1/2018 12:00:00 AM,53686,107570,108989,New Mexico,LEA,SANDERS TANK,EOG RESOURCES INC,31,1732,3470,3516
17b8fc03-9ccb-4d2f-b392-aadb9fc94ab2,4301352843,1/1/2018 12:00:00 AM,4788,4858,2942,Utah,DUCHESNE,,"EP ENERGY E&P COMPANY, L.P.",27,177,180,109
3de68b9d-d88c-4ce4-b488-71b7d10b127a,4304755780,1/1/2018 12:00:00 AM,14165,26403,13280,Utah,UINTAH,,"EP ENERGY E&P COMPANY, L.P.",22,644,1200,604
541f752d-b0b6-49c4-8575-87c6b7189648,33053081110000,1/1/2018 12:00:00 AM,24249,46088,15833,North Dakota,MC KENZIE,,NEWFIELD PRODUCTION COMPANY,17,1426,2711,931
644608b5-d0ab-4026-a7c9-bf261e857d75,33053081140000,2/1/2018 12:00:00 AM,22782,40895,8190,North Dakota,MC KENZIE,,NEWFIELD PRODUCTION COMPANY,28,814,1461,293
644608b5-d0ab-4026-a7c9-bf261e857d75,33053081140000,1/1/2018 12:00:00 AM,28928,54107,13483,North Dakota,MC KENZIE,,NEWFIELD PRODUCTION COMPANY,21,1378,2577,642
d22fcfc2-c747-4e6d-a813-64a72a97b12d,4301353001,1/1/2018 12:00:00 AM,38043,28313,81922,Utah,DUCHESNE,,NEWFIELD PRODUCTION COMPANY,23,1654,1231,3562
e3af98de-4eb1-4cb6-9e2c-5916de2d8242,33053081120000,2/1/2018 12:00:00 AM,19612,37482,17270,North Dakota,MC KENZIE,,NEWFIELD PRODUCTION COMPANY,28,700,1339,617
e3af98de-4eb1-4cb6-9e2c-5916de2d8242,33053081120000,1/1/2018 12:00:00 AM,21611,42593,22708,North Dakota,MC KENZIE,,NEWFIELD PRODUCTION COMPANY,19,1137,2242,1195
5055534e-2e1f-4027-8b5b-ffc0b8830915,4301353000,1/1/2018 12:00:00 AM,22847,16110,33261,Utah,DUCHESNE,,NEWFIELD PRODUCTION COMPANY,18,1269,895,1848
e3121a8c-2873-4766-96e8-788341548dc3,4301352981,1/1/2018 12:00:00 AM,10456,8564,26706,Utah,DUCHESNE,,NEWFIELD PRODUCTION COMPANY,6,1743,1427,4451
5be7fbf3-791c-489b-8537-795abec86c9f,33053081130000,2/1/2018 12:00:00 AM,29916,53171,7202,North Dakota,MC KENZIE,,NEWFIELD PRODUCTION COMPANY,28,1068,1899,257
5be7fbf3-791c-489b-8537-795abec86c9f,33053081130000,1/1/2018 12:00:00 AM,34892,64710,10087,North Dakota,MC KENZIE,,NEWFIELD PRODUCTION COMPANY,21,1662,3081,480
dd387aee-1837-411a-89c1-b7bf77f4a02b,33105025890000,1/1/2018 12:00:00 AM,6176,1753,30993,North Dakota,WILLIAMS,,"Nine Point Energy, LLC",11,561,0,2818
8922196d-65ef-49c9-a1d1-b75ba0530931,33105025900000,1/1/2018 12:00:00 AM,9603,0,22134,North Dakota,WILLIAMS,,"Nine Point Energy, LLC",11,873,0,2012
14580e40-f939-433e-94e1-589a04ffd088,3001544437,1/1/2018 12:00:00 AM,56590,100008,320778,New Mexico,EDDY,PURPLE SAGE,OXY USA INC,31,1825,3226,10348
2313e93e-9d78-43de-b078-7e34b846fa12,3002120638,6/1/2016 12:00:00 AM,0,0,0,New Mexico,HARDING,,OXY USA INC.,0,0,0,0
2313e93e-9d78-43de-b078-7e34b846fa12,3002120638,5/1/2016 12:00:00 AM,0,0,0,New Mexico,HARDING,,OXY USA INC.,0,0,0,0
2313e93e-9d78-43de-b078-7e34b846fa12,3002120638,4/1/2016 12:00:00 AM,0,0,0,New Mexico,HARDING,,OXY USA INC.,0,0,0,0
2313e93e-9d78-43de-b078-7e34b846fa12,3002120638,3/1/2016 12:00:00 AM,0,0,0,New Mexico,HARDING,,OXY USA INC.,0,0,0,0
2313e93e-9d78-43de-b078-7e34b846fa12,3002120638,2/1/2016 12:00:00 AM,0,0,0,New Mexico,HARDING,,OXY USA INC.,0,0,0,0
2313e93e-9d78-43de-b078-7e34b846fa12,3002120638,1/1/2016 12:00:00 AM,0,0,0,New Mexico,HARDING,,OXY USA INC.,0,0,0,0
2313e93e-9d78-43de-b078-7e34b846fa12,3002120638,12/1/2015 12:00:00 AM,0,0,0,New Mexico,HARDING,,OXY USA INC.,0,0,0,0
2313e93e-9d78-43de-b078-7e34b846fa12,3002120638,11/1/2015 12:00:00 AM,0,0,0,New Mexico,HARDING,,OXY USA INC.,0,0,0,0
2313e93e-9d78-43de-b078-7e34b846fa12,3002120638,10/1/2015 12:00:00 AM,0,0,0,New Mexico,HARDING,,OXY USA INC.,0,0,0,0
2313e93e-9d78-43de-b078-7e34b846fa12,3002120638,9/1/2015 12:00:00 AM,0,0,0,New Mexico,HARDING,,OXY USA INC.,0,0,0,0
2313e93e-9d78-43de-b078-7e34b846fa12,3002120638,8/1/2015 12:00:00 AM,0,0,0,New Mexico,HARDING,,OXY USA INC.,0,0,0,0
2313e93e-9d78-43de-b078-7e34b846fa12,3002120638,7/1/2015 12:00:00 AM,0,0,0,New Mexico,HARDING,,OXY USA INC.,0,0,0,0
2313e93e-9d78-43de-b078-7e34b846fa12,3002120638,1/1/2018 12:00:00 AM,0,12828,0,New Mexico,HARDING,,OXY USA INC.,31,0,414,0
2313e93e-9d78-43de-b078-7e34b846fa12,3002120638,12/1/2017 12:00:00 AM,0,0,0,New Mexico,HARDING,,OXY USA INC.,0,0,0,0
2313e93e-9d78-43de-b078-7e34b846fa12,3002120638,11/1/2017 12:00:00 AM,0,0,0,New Mexico,HARDING,,OXY USA INC.,0,0,0,0
2313e93e-9d78-43de-b078-7e34b846fa12,3002120638,10/1/2017 12:00:00 AM,0,0,0,New Mexico,HARDING,,OXY USA INC.,0,0,0,0
2313e93e-9d78-43de-b078-7e34b846fa12,3002120638,9/1/2017 12:00:00 AM,0,0,0,New Mexico,HARDING,,OXY USA INC.,0,0,0,0
2313e93e-9d78-43de-b078-7e34b846fa12,3002120638,8/1/2017 12:00:00 AM,0,0,0,New Mexico,HARDING,,OXY USA INC.,0,0,0,0
2313e93e-9d78-43de-b078-7e34b846fa12,3002120638,7/1/2017 12:00:00 AM,0,0,0,New Mexico,HARDING,,OXY USA INC.,0,0,0,0
2313e93e-9d78-43de-b078-7e34b846fa12,3002120638,6/1/2017 12:00:00 AM,0,0,0,New Mexico,HARDING,,OXY USA INC.,0,0,0,0
2313e93e-9d78-43de-b078-7e34b846fa12,3002120638,5/1/2017 12:00:00 AM,0,0,0,New Mexico,HARDING,,OXY USA INC.,0,0,0,0
2313e93e-9d78-43de-b078-7e34b846fa12,3002120638,4/1/2017 12:00:00 AM,0,0,0,New Mexico,HARDING,,OXY USA INC.,0,0,0,0
2313e93e-9d78-43de-b078-7e34b846fa12,3002120638,3/1/2017 12:00:00 AM,0,0,0,New Mexico,HARDING,,OXY USA INC.,0,0,0,0
2313e93e-9d78-43de-b078-7e34b846fa12,3002120638,2/1/2017 12:00:00 AM,0,0,0,New Mexico,HARDING,,OXY USA INC.,0,0,0,0
2313e93e-9d78-43de-b078-7e34b846fa12,3002120638,1/1/2017 12:00:00 AM,0,0,0,New Mexico,HARDING,,OXY USA INC.,0,0,0,0
2313e93e-9d78-43de-b078-7e34b846fa12,3002120638,12/1/2016 12:00:00 AM,0,0,0,New Mexico,HARDING,,OXY USA INC.,0,0,0,0
2313e93e-9d78-43de-b078-7e34b846fa12,3002120638,11/1/2016 12:00:00 AM,0,0,0,New Mexico,HARDING,,OXY USA INC.,0,0,0,0
2313e93e-9d78-43de-b078-7e34b846fa12,3002120638,10/1/2016 12:00:00 AM,0,0,0,New Mexico,HARDING,,OXY USA INC.,0,0,0,0
2313e93e-9d78-43de-b078-7e34b846fa12,3002120638,9/1/2016 12:00:00 AM,0,0,0,New Mexico,HARDING,,OXY USA INC.,0,0,0,0
2313e93e-9d78-43de-b078-7e34b846fa12,3002120638,8/1/2016 12:00:00 AM,0,0,0,New Mexico,HARDING,,OXY USA INC.,0,0,0,0
26d9fca5-b3bb-44f7-bc5d-d441fdd9056c,3001544156,1/1/2018 12:00:00 AM,27528,25325,0,New Mexico,EDDY,TURKEY TRACK,OXY USA WTP LIMITED PARTNERSHIP,30,918,844,0
5778f9bf-bfcb-4056-8176-d86dff38aa3f,3001544154,1/1/2018 12:00:00 AM,28998,26584,0,New Mexico,EDDY,TURKEY TRACK,OXY USA WTP LIMITED PARTNERSHIP,30,967,886,0
43fc1e7a-f061-4182-833d-b5b44e102c4d,3001544142,1/1/2018 12:00:00 AM,30378,28226,0,New Mexico,EDDY,TURKEY TRACK,OXY USA WTP LIMITED PARTNERSHIP,24,1266,1176,0
e64a5190-0de7-4715-b928-11a60007cd07,35107235850000,1/1/2018 12:00:00 AM,0,1174,0,Oklahoma,OKFUSKEE,,ENERFIN RESOURCES I LP,31,0,38,0
78a41e29-dc94-44bd-b5a0-134374148554,33053080090000,2/1/2018 12:00:00 AM,749,2110,1,North Dakota,MC KENZIE,,BURLINGTON RESOURCES OIL & GAS COMPANY LP,3,250,703,0
19b5f697-0bbd-4dc4-9d75-a70d530604ec,33053070990000,2/1/2018 12:00:00 AM,534,1061,3,North Dakota,MC KENZIE,,BURLINGTON RESOURCES OIL & GAS COMPANY LP,7,76,152,0
53de12b7-5309-419f-b839-9d0f356e57d0,33053079480000,1/1/2018 12:00:00 AM,1692,1657,5,North Dakota,MC KENZIE,,BURLINGTON RESOURCES OIL & GAS COMPANY LP,5,351,346,1
53de12b7-5309-419f-b839-9d0f356e57d0,33053079480000,12/1/2017 12:00:00 AM,0,0,0,North Dakota,MC KENZIE,,BURLINGTON RESOURCES OIL & GAS COMPANY LP,0,0,0,0
a0a730a5-fe7d-48f4-85f3-e45003152eba,33053077590000,2/1/2018 12:00:00 AM,21047,32283,12689,North Dakota,MC KENZIE,,BURLINGTON RESOURCES OIL & GAS COMPANY LP,23,915,1404,552
a0a730a5-fe7d-48f4-85f3-e45003152eba,33053077590000,1/1/2018 12:00:00 AM,866,706,2,North Dakota,MC KENZIE,,BURLINGTON RESOURCES OIL & GAS COMPANY LP,1,370,0,0
5cc7d2cb-d1aa-455a-821e-0bada07d6578,33053077570000,2/1/2018 12:00:00 AM,0,0,0,North Dakota,MC KENZIE,,BURLINGTON RESOURCES OIL & GAS COMPANY LP,0,0,0,0
5cc7d2cb-d1aa-455a-821e-0bada07d6578,33053077570000,1/1/2018 12:00:00 AM,50,225,2,North Dakota,MC KENZIE,,BURLINGTON RESOURCES OIL & GAS COMPANY LP,1,51,235,2
227e0434-c1b2-4fcf-a0a2-24d6b83741a9,33053071070000,2/1/2018 12:00:00 AM,36820,45487,13183,North Dakota,MC KENZIE,,BURLINGTON RESOURCES OIL & GAS COMPANY LP,28,1315,1625,471
227e0434-c1b2-4fcf-a0a2-24d6b83741a9,33053071070000,1/1/2018 12:00:00 AM,8988,10661,1002,North Dakota,MC KENZIE,,BURLINGTON RESOURCES OIL & GAS COMPANY LP,1,8988,10661,1002
227e0434-c1b2-4fcf-a0a2-24d6b83741a9,33053071070000,12/1/2017 12:00:00 AM,0,0,0,North Dakota,MC KENZIE,,BURLINGTON RESOURCES OIL & GAS COMPANY LP,0,0,0,0
50fc8975-ab61-4f61-83fe-45426b8449f7,33053080100000,2/1/2018 12:00:00 AM,675,2300,3,North Dakota,MC KENZIE,,BURLINGTON RESOURCES OIL & GAS COMPANY LP,4,169,575,1
c97488fd-8143-4f3c-ad6f-ef2c0c9ca55f,33025029700000,2/1/2018 12:00:00 AM,405,317,185,North Dakota,DUNN,,BURLINGTON RESOURCES OIL & GAS COMPANY LP,23,18,14,8
cc3de677-405b-4bc1-938c-ad64aa99b4de,33053080110000,2/1/2018 12:00:00 AM,1420,4573,3,North Dakota,MC KENZIE,,BURLINGTON RESOURCES OIL & GAS COMPANY LP,4,355,1143,1
58f00279-6d80-449f-afd0-a4cc46d81e83,33053077580000,2/1/2018 12:00:00 AM,19122,29720,11481,North Dakota,MC KENZIE,,BURLINGTON RESOURCES OIL & GAS COMPANY LP,22,869,1351,522
58f00279-6d80-449f-afd0-a4cc46d81e83,33053077580000,1/1/2018 12:00:00 AM,169,300,1,North Dakota,MC KENZIE,,BURLINGTON RESOURCES OIL & GAS COMPANY LP,1,173,314,1
2f3b5134-3e25-49f2-b4f3-bc5e73cbc0ec,33053071020000,2/1/2018 12:00:00 AM,735,636,2,North Dakota,MC KENZIE,,BURLINGTON RESOURCES OIL & GAS COMPANY LP,28,26,23,0
a38daad7-a41d-48c0-a592-113f44562dbf,33025029710000,2/1/2018 12:00:00 AM,6263,819,290,North Dakota,DUNN,,BURLINGTON RESOURCES OIL & GAS COMPANY LP,21,298,39,14
1903d385-7e06-409a-98f4-efbfcae88863,33053077550000,2/1/2018 12:00:00 AM,19916,30028,12116,North Dakota,MC KENZIE,,BURLINGTON RESOURCES OIL & GAS COMPANY LP,23,866,1306,527
1903d385-7e06-409a-98f4-efbfcae88863,33053077550000,1/1/2018 12:00:00 AM,91,230,1,North Dakota,MC KENZIE,,BURLINGTON RESOURCES OIL & GAS COMPANY LP,2,46,121,1
ceb19169-c39d-4e4c-863c-3e2f45f95756,33053071010000,2/1/2018 12:00:00 AM,726,669,3,North Dakota,MC KENZIE,,BURLINGTON RESOURCES OIL & GAS COMPANY LP,28,26,24,0
ceb19169-c39d-4e4c-863c-3e2f45f95756,33053071010000,1/1/2018 12:00:00 AM,0,0,0,North Dakota,MC KENZIE,,BURLINGTON RESOURCES OIL & GAS COMPANY LP,0,0,0,0
53de12b7-5309-419f-b839-9d0f356e57d0,33053079480000,2/1/2018 12:00:00 AM,21097,32553,13166,North Dakota,MC KENZIE,,BURLINGTON RESOURCES OIL & GAS COMPANY LP,23,917,1415,572
29d7ea21-5375-4e64-9513-6dec5b4e33d9,33053077560000,2/1/2018 12:00:00 AM,0,0,0,North Dakota,MC KENZIE,,BURLINGTON RESOURCES OIL & GAS COMPANY LP,0,0,0,0
29d7ea21-5375-4e64-9513-6dec5b4e33d9,33053077560000,1/1/2018 12:00:00 AM,132,170,2,North Dakota,MC KENZIE,,BURLINGTON RESOURCES OIL & GAS COMPANY LP,2,68,89,1
8b5c70ee-3cdb-4ba9-bf71-7878fafddb90,33053071000000,2/1/2018 12:00:00 AM,459,321,2,North Dakota,MC KENZIE,,BURLINGTON RESOURCES OIL & GAS COMPANY LP,28,16,11,0
80670f49-05f3-422c-81cc-5ab69f799d83,05067095330000,1/1/2018 12:00:00 AM,0,6144,1227,Colorado,LA PLATA,,CATAMOUNT ENERGY PARTNERS LLC,22,0,279,56
80670f49-05f3-422c-81cc-5ab69f799d83,05067095330000,12/1/2017 12:00:00 AM,0,0,0,Colorado,LA PLATA,,CATAMOUNT ENERGY PARTNERS LLC,0,0,0,0
3afd0837-9b69-4523-bdf4-b7304f626fb1,05067100110000,1/1/2018 12:00:00 AM,0,1277,402,Colorado,LA PLATA,,CATAMOUNT ENERGY PARTNERS LLC,9,0,142,45
3afd0837-9b69-4523-bdf4-b7304f626fb1,05067100110000,12/1/2017 12:00:00 AM,0,0,0,Colorado,LA PLATA,,CATAMOUNT ENERGY PARTNERS LLC,0,0,0,0
86c1fefa-f306-492b-92f7-97e0147f0b76,05067100090000,1/1/2018 12:00:00 AM,0,3084,851,Colorado,LA PLATA,,CATAMOUNT ENERGY PARTNERS LLC,15,0,206,57
86c1fefa-f306-492b-92f7-97e0147f0b76,05067100090000,12/1/2017 12:00:00 AM,0,0,0,Colorado,LA PLATA,,CATAMOUNT ENERGY PARTNERS LLC,0,0,0,0
d5a69546-a42f-4d84-b014-2ef65161e569,05067100100000,1/1/2018 12:00:00 AM,0,5060,1263,Colorado,LA PLATA,,CATAMOUNT ENERGY PARTNERS LLC,20,0,253,63
d5a69546-a42f-4d84-b014-2ef65161e569,05067100100000,12/1/2017 12:00:00 AM,0,0,0,Colorado,LA PLATA,,CATAMOUNT ENERGY PARTNERS LLC,0,0,0,0
88cf6f84-483c-40ed-bc4d-5875af027df6,05067100080000,1/1/2018 12:00:00 AM,0,3182,1543,Colorado,LA PLATA,,CATAMOUNT ENERGY PARTNERS LLC,23,0,138,67
27c90a6b-cc67-4371-8879-21447f96a900,3001543555,1/1/2018 12:00:00 AM,10943,21834,89342,New Mexico,EDDY,PURPLE SAGE,"CAZA OPERATING, LLC",22,497,992,4061
1d6547be-94ae-4a33-a2ee-cbe94b668268,33061037340000,2/1/2018 12:00:00 AM,11514,18768,1034,North Dakota,MOUNTRAIL,,"HESS BAKKEN INVESTMENTS II, LLC",13,886,0,80
6fac8770-eddf-45d8-9911-6da8143d7684,33061037300000,2/1/2018 12:00:00 AM,0,2447,0,North Dakota,MOUNTRAIL,,"HESS BAKKEN INVESTMENTS II, LLC",1,0,2447,0
69f2fd8e-348f-4999-a321-3f3638441b56,33061037350000,2/1/2018 12:00:00 AM,23019,29138,1202,North Dakota,MOUNTRAIL,,"HESS BAKKEN INVESTMENTS II, LLC",21,1096,0,57
a987d40d-5355-4f4e-9860-7c16d1e9400d,33061037330000,2/1/2018 12:00:00 AM,14822,29352,1047,North Dakota,MOUNTRAIL,,"HESS BAKKEN INVESTMENTS II, LLC",16,926,0,65
fc897859-caa8-4111-bb29-75fa22bff97b,33061037310000,2/1/2018 12:00:00 AM,7193,9227,7532,North Dakota,MOUNTRAIL,,"HESS BAKKEN INVESTMENTS II, LLC",5,1439,0,1506
c78fa858-3165-4921-bb4d-eabb14ca9f79,608114068201,7/1/2017 12:00:00 AM,0,0,0,,GREEN CANYON,GC468,Hess Corporation,0,0,0,0
c78fa858-3165-4921-bb4d-eabb14ca9f79,608114068201,6/1/2017 12:00:00 AM,0,0,0,,GREEN CANYON,GC468,Hess Corporation,0,0,0,0
c78fa858-3165-4921-bb4d-eabb14ca9f79,608114068201,12/1/2017 12:00:00 AM,0,0,0,,GREEN CANYON,GC468,Hess Corporation,0,0,0,0
c78fa858-3165-4921-bb4d-eabb14ca9f79,608114068201,11/1/2017 12:00:00 AM,0,0,0,,GREEN CANYON,GC468,Hess Corporation,0,0,0,0
c78fa858-3165-4921-bb4d-eabb14ca9f79,608114068201,10/1/2017 12:00:00 AM,0,0,0,,GREEN CANYON,GC468,Hess Corporation,0,0,0,0
c78fa858-3165-4921-bb4d-eabb14ca9f79,608114068201,9/1/2017 12:00:00 AM,0,0,0,,GREEN CANYON,GC468,Hess Corporation,0,0,0,0
becb693d-9003-4e3f-9118-dc7fdf174b33,3002542701,1/1/2018 12:00:00 AM,8097,765,12941,New Mexico,LEA,E-K,"MCELVAIN ENERGY, INC",15,540,51,863
a3818020-2e3a-4738-b82b-e31601bcdd4b,3001544431,1/1/2018 12:00:00 AM,25426,41027,50525,New Mexico,EDDY,RUSSELL,MEWBOURNE OIL CO,31,820,1323,1630
0363c448-7a6e-4bee-b654-a6e23e1bc74e,3002542837,1/1/2018 12:00:00 AM,29573,50786,81442,New Mexico,LEA,RED HILLS,MEWBOURNE OIL CO,31,954,1638,2627
61dc199c-8b18-443e-8618-35eb5a472712,3001544463,1/1/2018 12:00:00 AM,273,1472,23917,New Mexico,EDDY,PURPLE SAGE,MEWBOURNE OIL CO,31,9,47,772
d4e8d5a5-e9bd-4ddd-b988-ce549128a5c4,3001543784,1/1/2018 12:00:00 AM,2106,2089,13129,New Mexico,EDDY,PALMILLO,MEWBOURNE OIL CO,16,132,131,821
2267d4e9-7aeb-495a-831c-b03cd3ef64ab,35111273400000,2/1/2018 12:00:00 AM,0,660,0,Oklahoma,OKMULGEE,,MONARCH ENERGY COMPANY LLC,28,0,24,0
75a2caca-acea-4ea2-b60d-aa0979264ba1,05073067190000,10/1/2017 12:00:00 AM,0,0,0,Colorado,LINCOLN,,MURFIN DRILLING COMPANY INC,0,0,0,0
75a2caca-acea-4ea2-b60d-aa0979264ba1,05073067190000,9/1/2017 12:00:00 AM,0,0,0,Colorado,LINCOLN,,MURFIN DRILLING COMPANY INC,0,0,0,0
75a2caca-acea-4ea2-b60d-aa0979264ba1,05073067190000,1/1/2018 12:00:00 AM,3608,1749,106,Colorado,LINCOLN,,MURFIN DRILLING COMPANY INC,30,120,58,4
75a2caca-acea-4ea2-b60d-aa0979264ba1,05073067190000,12/1/2017 12:00:00 AM,0,0,0,Colorado,LINCOLN,,MURFIN DRILLING COMPANY INC,0,0,0,0
6902743f-5d37-4d33-89d7-73afc226573e,05045236590000,1/1/2018 12:00:00 AM,15,4314,0,Colorado,GARFIELD,,TEP ROCKY MOUNTAIN LLC,28,1,154,0
6902743f-5d37-4d33-89d7-73afc226573e,05045236590000,12/1/2017 12:00:00 AM,0,0,0,Colorado,GARFIELD,,TEP ROCKY MOUNTAIN LLC,0,0,0,0
df70f7e1-7f42-4845-9e55-0b4b42d3b5b4,05045236430000,11/1/2017 12:00:00 AM,0,0,0,Colorado,GARFIELD,,TEP ROCKY MOUNTAIN LLC,0,0,0,0
df70f7e1-7f42-4845-9e55-0b4b42d3b5b4,05045236430000,11/1/2017 12:00:00 AM,0,0,0,Colorado,GARFIELD,,TEP ROCKY MOUNTAIN LLC,0,0,0,0
df70f7e1-7f42-4845-9e55-0b4b42d3b5b4,05045236430000,10/1/2017 12:00:00 AM,0,0,0,Colorado,GARFIELD,,TEP ROCKY MOUNTAIN LLC,0,0,0,0
df70f7e1-7f42-4845-9e55-0b4b42d3b5b4,05045236430000,10/1/2017 12:00:00 AM,0,0,0,Colorado,GARFIELD,,TEP ROCKY MOUNTAIN LLC,0,0,0,0
60a4dd23-f10f-4a84-9d35-15da78c65042,05045234520000,1/1/2018 12:00:00 AM,16,11490,588,Colorado,GARFIELD,,TEP ROCKY MOUNTAIN LLC,23,1,500,26
60a4dd23-f10f-4a84-9d35-15da78c65042,05045234520000,12/1/2017 12:00:00 AM,0,0,0,Colorado,GARFIELD,,TEP ROCKY MOUNTAIN LLC,0,0,0,0
60a4dd23-f10f-4a84-9d35-15da78c65042,05045234520000,11/1/2017 12:00:00 AM,0,0,0,Colorado,GARFIELD,,TEP ROCKY MOUNTAIN LLC,0,0,0,0
60a4dd23-f10f-4a84-9d35-15da78c65042,05045234520000,11/1/2017 12:00:00 AM,0,0,0,Colorado,GARFIELD,,TEP ROCKY MOUNTAIN LLC,0,0,0,0
60a4dd23-f10f-4a84-9d35-15da78c65042,05045234520000,10/1/2017 12:00:00 AM,0,0,0,Colorado,GARFIELD,,TEP ROCKY MOUNTAIN LLC,0,0,0,0
60a4dd23-f10f-4a84-9d35-15da78c65042,05045234520000,10/1/2017 12:00:00 AM,0,0,0,Colorado,GARFIELD,,TEP ROCKY MOUNTAIN LLC,0,0,0,0
96f3aabf-7c55-400c-bd87-40587ab5f330,05045236500000,11/1/2017 12:00:00 AM,0,0,0,Colorado,GARFIELD,,TEP ROCKY MOUNTAIN LLC,0,0,0,0
96f3aabf-7c55-400c-bd87-40587ab5f330,05045236500000,11/1/2017 12:00:00 AM,0,0,0,Colorado,GARFIELD,,TEP ROCKY MOUNTAIN LLC,0,0,0,0
96f3aabf-7c55-400c-bd87-40587ab5f330,05045236500000,10/1/2017 12:00:00 AM,0,0,0,Colorado,GARFIELD,,TEP ROCKY MOUNTAIN LLC,0,0,0,0
96f3aabf-7c55-400c-bd87-40587ab5f330,05045236500000,10/1/2017 12:00:00 AM,0,0,0,Colorado,GARFIELD,,TEP ROCKY MOUNTAIN LLC,0,0,0,0
b67fbad7-43b8-416f-92a0-b6de1c7ece96,05045234490000,1/1/2018 12:00:00 AM,16,11498,588,Colorado,GARFIELD,,TEP ROCKY MOUNTAIN LLC,18,1,639,33
b67fbad7-43b8-416f-92a0-b6de1c7ece96,05045234490000,12/1/2017 12:00:00 AM,0,0,0,Colorado,GARFIELD,,TEP ROCKY MOUNTAIN LLC,0,0,0,0
b67fbad7-43b8-416f-92a0-b6de1c7ece96,05045234490000,11/1/2017 12:00:00 AM,0,0,0,Colorado,GARFIELD,,TEP ROCKY MOUNTAIN LLC,0,0,0,0
b67fbad7-43b8-416f-92a0-b6de1c7ece96,05045234490000,11/1/2017 12:00:00 AM,0,0,0,Colorado,GARFIELD,,TEP ROCKY MOUNTAIN LLC,0,0,0,0
b67fbad7-43b8-416f-92a0-b6de1c7ece96,05045234490000,10/1/2017 12:00:00 AM,0,0,0,Colorado,GARFIELD,,TEP ROCKY MOUNTAIN LLC,0,0,0,0
b67fbad7-43b8-416f-92a0-b6de1c7ece96,05045234490000,10/1/2017 12:00:00 AM,0,0,0,Colorado,GARFIELD,,TEP ROCKY MOUNTAIN LLC,0,0,0,0
82985971-8ecd-414d-9662-c97f4f62cf8f,05045234480000,11/1/2017 12:00:00 AM,0,0,0,Colorado,GARFIELD,,TEP ROCKY MOUNTAIN LLC,0,0,0,0
82985971-8ecd-414d-9662-c97f4f62cf8f,05045234480000,11/1/2017 12:00:00 AM,0,0,0,Colorado,GARFIELD,,TEP ROCKY MOUNTAIN LLC,0,0,0,0
82985971-8ecd-414d-9662-c97f4f62cf8f,05045234480000,10/1/2017 12:00:00 AM,0,0,0,Colorado,GARFIELD,,TEP ROCKY MOUNTAIN LLC,0,0,0,0
82985971-8ecd-414d-9662-c97f4f62cf8f,05045234480000,10/1/2017 12:00:00 AM,0,0,0,Colorado,GARFIELD,,TEP ROCKY MOUNTAIN LLC,0,0,0,0
0e7c3943-1b4c-400b-8983-07004156ab6c,05045234290000,1/1/2018 12:00:00 AM,155,40136,2054,Colorado,GARFIELD,,TEP ROCKY MOUNTAIN LLC,31,5,1295,66
0e7c3943-1b4c-400b-8983-07004156ab6c,05045234290000,12/1/2017 12:00:00 AM,0,0,0,Colorado,GARFIELD,,TEP ROCKY MOUNTAIN LLC,0,0,0,0
0e7c3943-1b4c-400b-8983-07004156ab6c,05045234290000,11/1/2017 12:00:00 AM,0,0,0,Colorado,GARFIELD,,TEP ROCKY MOUNTAIN LLC,0,0,0,0
0e7c3943-1b4c-400b-8983-07004156ab6c,05045234290000,10/1/2017 12:00:00 AM,0,0,0,Colorado,GARFIELD,,TEP ROCKY MOUNTAIN LLC,0,0,0,0
0e7c3943-1b4c-400b-8983-07004156ab6c,05045234290000,9/1/2017 12:00:00 AM,0,0,0,Colorado,GARFIELD,,TEP ROCKY MOUNTAIN LLC,0,0,0,0
0e7c3943-1b4c-400b-8983-07004156ab6c,05045234290000,8/1/2017 12:00:00 AM,0,0,0,Colorado,GARFIELD,,TEP ROCKY MOUNTAIN LLC,0,0,0,0
6902743f-5d37-4d33-89d7-73afc226573e,05045236590000,11/1/2017 12:00:00 AM,0,0,0,Colorado,GARFIELD,,TEP ROCKY MOUNTAIN LLC,0,0,0,0
6902743f-5d37-4d33-89d7-73afc226573e,05045236590000,11/1/2017 12:00:00 AM,0,0,0,Colorado,GARFIELD,,TEP ROCKY MOUNTAIN LLC,0,0,0,0
6902743f-5d37-4d33-89d7-73afc226573e,05045236590000,10/1/2017 12:00:00 AM,0,0,0,Colorado,GARFIELD,,TEP ROCKY MOUNTAIN LLC,0,0,0,0
6902743f-5d37-4d33-89d7-73afc226573e,05045236590000,10/1/2017 12:00:00 AM,0,0,0,Colorado,GARFIELD,,TEP ROCKY MOUNTAIN LLC,0,0,0,0
52a1009b-73e7-4c33-896b-6f048ce53f8f,05045232950000,1/1/2018 12:00:00 AM,125,32467,1661,Colorado,GARFIELD,,TEP ROCKY MOUNTAIN LLC,21,6,1546,79
52a1009b-73e7-4c33-896b-6f048ce53f8f,05045232950000,12/1/2017 12:00:00 AM,0,0,0,Colorado,GARFIELD,,TEP ROCKY MOUNTAIN LLC,0,0,0,0
52a1009b-73e7-4c33-896b-6f048ce53f8f,05045232950000,11/1/2017 12:00:00 AM,0,0,0,Colorado,GARFIELD,,TEP ROCKY MOUNTAIN LLC,0,0,0,0
52a1009b-73e7-4c33-896b-6f048ce53f8f,05045232950000,10/1/2017 12:00:00 AM,0,0,0,Colorado,GARFIELD,,TEP ROCKY MOUNTAIN LLC,0,0,0,0
52a1009b-73e7-4c33-896b-6f048ce53f8f,05045232950000,9/1/2017 12:00:00 AM,0,0,0,Colorado,GARFIELD,,TEP ROCKY MOUNTAIN LLC,0,0,0,0
52a1009b-73e7-4c33-896b-6f048ce53f8f,05045232950000,9/1/2017 12:00:00 AM,0,0,0,Colorado,GARFIELD,,TEP ROCKY MOUNTAIN LLC,0,0,0,0
5074ed6f-48eb-4f02-bde1-ace819cc5784,05045236510000,1/1/2018 12:00:00 AM,22,6284,0,Colorado,GARFIELD,,TEP ROCKY MOUNTAIN LLC,31,1,203,0
5074ed6f-48eb-4f02-bde1-ace819cc5784,05045236510000,12/1/2017 12:00:00 AM,0,0,0,Colorado,GARFIELD,,TEP ROCKY MOUNTAIN LLC,0,0,0,0
5074ed6f-48eb-4f02-bde1-ace819cc5784,05045236510000,11/1/2017 12:00:00 AM,0,0,0,Colorado,GARFIELD,,TEP ROCKY MOUNTAIN LLC,0,0,0,0
5074ed6f-48eb-4f02-bde1-ace819cc5784,05045236510000,11/1/2017 12:00:00 AM,0,0,0,Colorado,GARFIELD,,TEP ROCKY MOUNTAIN LLC,0,0,0,0
96f3aabf-7c55-400c-bd87-40587ab5f330,05045236500000,1/1/2018 12:00:00 AM,21,5820,0,Colorado,GARFIELD,,TEP ROCKY MOUNTAIN LLC,31,1,188,0
96f3aabf-7c55-400c-bd87-40587ab5f330,05045236500000,12/1/2017 12:00:00 AM,0,0,0,Colorado,GARFIELD,,TEP ROCKY MOUNTAIN LLC,0,0,0,0
df70f7e1-7f42-4845-9e55-0b4b42d3b5b4,05045236430000,1/1/2018 12:00:00 AM,17,4749,0,Colorado,GARFIELD,,TEP ROCKY MOUNTAIN LLC,29,1,164,0
df70f7e1-7f42-4845-9e55-0b4b42d3b5b4,05045236430000,12/1/2017 12:00:00 AM,0,0,0,Colorado,GARFIELD,,TEP ROCKY MOUNTAIN LLC,0,0,0,0
82985971-8ecd-414d-9662-c97f4f62cf8f,05045234480000,1/1/2018 12:00:00 AM,26,18771,960,Colorado,GARFIELD,,TEP ROCKY MOUNTAIN LLC,21,1,894,46
c42ab934-aa43-4962-8314-e5dfa9e7542d,05075060630000,8/1/2014 12:00:00 AM,0,0,0,Colorado,LOGAN,,TIMKA RESOURCES LTD,0,0,0,0
c42ab934-aa43-4962-8314-e5dfa9e7542d,05075060630000,7/1/2014 12:00:00 AM,0,0,0,Colorado,LOGAN,,TIMKA RESOURCES LTD,0,0,0,0
c42ab934-aa43-4962-8314-e5dfa9e7542d,05075060630000,1/1/2008 12:00:00 AM,0,0,0,Colorado,LOGAN,,TIMKA RESOURCES LTD,0,0,0,0
c42ab934-aa43-4962-8314-e5dfa9e7542d,05075060630000,12/1/2007 12:00:00 AM,0,0,0,Colorado,LOGAN,,TIMKA RESOURCES LTD,0,0,0,0
c42ab934-aa43-4962-8314-e5dfa9e7542d,05075060630000,11/1/2007 12:00:00 AM,0,0,0,Colorado,LOGAN,,TIMKA RESOURCES LTD,0,0,0,0
c42ab934-aa43-4962-8314-e5dfa9e7542d,05075060630000,10/1/2007 12:00:00 AM,0,0,0,Colorado,LOGAN,,TIMKA RESOURCES LTD,0,0,0,0
c42ab934-aa43-4962-8314-e5dfa9e7542d,05075060630000,9/1/2007 12:00:00 AM,0,0,0,Colorado,LOGAN,,TIMKA RESOURCES LTD,0,0,0,0
c42ab934-aa43-4962-8314-e5dfa9e7542d,05075060630000,8/1/2007 12:00:00 AM,0,0,0,Colorado,LOGAN,,TIMKA RESOURCES LTD,0,0,0,0
c42ab934-aa43-4962-8314-e5dfa9e7542d,05075060630000,7/1/2007 12:00:00 AM,0,0,0,Colorado,LOGAN,,TIMKA RESOURCES LTD,0,0,0,0
c42ab934-aa43-4962-8314-e5dfa9e7542d,05075060630000,6/1/2007 12:00:00 AM,0,0,0,Colorado,LOGAN,,TIMKA RESOURCES LTD,0,0,0,0
ecfd2150-6037-4f2d-8f52-b0fdae12e330,3001544068,1/1/2018 12:00:00 AM,3341,6067,8233,New Mexico,EDDY,PADUCA,"DEVON ENERGY PRODUCTION COMPANY, LP",6,557,1011,1372
69eece01-8351-43af-b858-16c53cc31670,3001544199,1/1/2018 12:00:00 AM,8236,14571,34775,New Mexico,EDDY,PADUCA,"DEVON ENERGY PRODUCTION COMPANY, LP",15,549,971,2318
880d878e-4e38-4ce3-88ee-d5d28c55d5cd,3001544120,1/1/2018 12:00:00 AM,21341,39415,16344,New Mexico,EDDY,PARKWAY,"DEVON ENERGY PRODUCTION COMPANY, LP",22,970,1792,743
880d878e-4e38-4ce3-88ee-d5d28c55d5cd,3001544120,12/1/2017 12:00:00 AM,0,0,0,New Mexico,EDDY,PARKWAY,"DEVON ENERGY PRODUCTION COMPANY, LP",0,0,0,0
ab3bb222-0d05-47d0-854d-5fd5b153fb34,3002543184,1/1/2018 12:00:00 AM,1032,5537,12395,New Mexico,LEA,BRADLEY,"DEVON ENERGY PRODUCTION COMPANY, LP",9,115,615,1377
74b48660-575f-4ad6-9b5e-64424ecb2935,3001544121,1/1/2018 12:00:00 AM,15803,34053,10590,New Mexico,EDDY,PARKWAY,"DEVON ENERGY PRODUCTION COMPANY, LP",21,753,1622,504
74b48660-575f-4ad6-9b5e-64424ecb2935,3001544121,12/1/2017 12:00:00 AM,0,0,0,New Mexico,EDDY,PARKWAY,"DEVON ENERGY PRODUCTION COMPANY, LP",0,0,0,0
8380b2a9-b99e-4f5c-9516-99d482aa9df1,3001544106,1/1/2018 12:00:00 AM,12186,22822,19085,New Mexico,EDDY,PADUCA,"DEVON ENERGY PRODUCTION COMPANY, LP",13,937,1756,1468
8e48350d-4ed9-4d55-8d42-ac88f72984e4,3001544201,1/1/2018 12:00:00 AM,20017,22879,12829,New Mexico,EDDY,PARKWAY,"DEVON ENERGY PRODUCTION COMPANY, LP",14,1430,1634,916
8e48350d-4ed9-4d55-8d42-ac88f72984e4,3001544201,12/1/2017 12:00:00 AM,0,0,0,New Mexico,EDDY,PARKWAY,"DEVON ENERGY PRODUCTION COMPANY, LP",0,0,0,0
c1bab69d-0505-4b81-800b-71fbdf31d32a,05045234810000,11/1/2017 12:00:00 AM,0,0,0,Colorado,GARFIELD,,URSA OPERATING COMPANY LLC,0,0,0,0
c1bab69d-0505-4b81-800b-71fbdf31d32a,05045234810000,10/1/2017 12:00:00 AM,0,0,0,Colorado,GARFIELD,,URSA OPERATING COMPANY LLC,0,0,0,0
c1bab69d-0505-4b81-800b-71fbdf31d32a,05045234810000,9/1/2017 12:00:00 AM,0,0,0,Colorado,GARFIELD,,URSA OPERATING COMPANY LLC,0,0,0,0
c1bab69d-0505-4b81-800b-71fbdf31d32a,05045234810000,8/1/2017 12:00:00 AM,0,0,0,Colorado,GARFIELD,,URSA OPERATING COMPANY LLC,0,0,0,0
c1bab69d-0505-4b81-800b-71fbdf31d32a,05045234810000,7/1/2017 12:00:00 AM,0,0,0,Colorado,GARFIELD,,URSA OPERATING COMPANY LLC,0,0,0,0
c1bab69d-0505-4b81-800b-71fbdf31d32a,05045234810000,6/1/2017 12:00:00 AM,0,0,0,Colorado,GARFIELD,,URSA OPERATING COMPANY LLC,0,0,0,0
c2020424-90fe-4e36-a107-c1f7be28ac28,05045233200000,1/1/2018 12:00:00 AM,0,7527,0,Colorado,GARFIELD,,URSA OPERATING COMPANY LLC,12,0,627,0
c2020424-90fe-4e36-a107-c1f7be28ac28,05045233200000,12/1/2017 12:00:00 AM,0,0,0,Colorado,GARFIELD,,URSA OPERATING COMPANY LLC,0,0,0,0
c2020424-90fe-4e36-a107-c1f7be28ac28,05045233200000,10/1/2017 12:00:00 AM,0,0,0,Colorado,GARFIELD,,URSA OPERATING COMPANY LLC,0,0,0,0
c2020424-90fe-4e36-a107-c1f7be28ac28,05045233200000,9/1/2017 12:00:00 AM,0,0,0,Colorado,GARFIELD,,URSA OPERATING COMPANY LLC,0,0,0,0
c2020424-90fe-4e36-a107-c1f7be28ac28,05045233200000,8/1/2017 12:00:00 AM,0,0,0,Colorado,GARFIELD,,URSA OPERATING COMPANY LLC,0,0,0,0
c2020424-90fe-4e36-a107-c1f7be28ac28,05045233200000,6/1/2017 12:00:00 AM,0,0,0,Colorado,GARFIELD,,URSA OPERATING COMPANY LLC,0,0,0,0
c42ab934-aa43-4962-8314-e5dfa9e7542d,05075060630000,5/1/2007 12:00:00 AM,0,0,0,Colorado,LOGAN,,TIMKA RESOURCES LTD,0,0,0,0
c42ab934-aa43-4962-8314-e5dfa9e7542d,05075060630000,4/1/2007 12:00:00 AM,0,0,0,Colorado,LOGAN,,TIMKA RESOURCES LTD,0,0,0,0
c42ab934-aa43-4962-8314-e5dfa9e7542d,05075060630000,3/1/2007 12:00:00 AM,0,0,0,Colorado,LOGAN,,TIMKA RESOURCES LTD,0,0,0,0
c42ab934-aa43-4962-8314-e5dfa9e7542d,05075060630000,2/1/2010 12:00:00 AM,0,0,0,Colorado,LOGAN,,TIMKA RESOURCES LTD,0,0,0,0
c42ab934-aa43-4962-8314-e5dfa9e7542d,05075060630000,1/1/2010 12:00:00 AM,0,0,0,Colorado,LOGAN,,TIMKA RESOURCES LTD,0,0,0,0
c42ab934-aa43-4962-8314-e5dfa9e7542d,05075060630000,12/1/2009 12:00:00 AM,0,0,0,Colorado,LOGAN,,TIMKA RESOURCES LTD,0,0,0,0
c42ab934-aa43-4962-8314-e5dfa9e7542d,05075060630000,11/1/2009 12:00:00 AM,0,0,0,Colorado,LOGAN,,TIMKA RESOURCES LTD,0,0,0,0
c42ab934-aa43-4962-8314-e5dfa9e7542d,05075060630000,10/1/2009 12:00:00 AM,0,0,0,Colorado,LOGAN,,TIMKA RESOURCES LTD,0,0,0,0
c42ab934-aa43-4962-8314-e5dfa9e7542d,05075060630000,9/1/2009 12:00:00 AM,0,0,0,Colorado,LOGAN,,TIMKA RESOURCES LTD,0,0,0,0
c42ab934-aa43-4962-8314-e5dfa9e7542d,05075060630000,8/1/2009 12:00:00 AM,0,0,0,Colorado,LOGAN,,TIMKA RESOURCES LTD,0,0,0,0
c42ab934-aa43-4962-8314-e5dfa9e7542d,05075060630000,7/1/2009 12:00:00 AM,0,0,0,Colorado,LOGAN,,TIMKA RESOURCES LTD,0,0,0,0
c42ab934-aa43-4962-8314-e5dfa9e7542d,05075060630000,6/1/2009 12:00:00 AM,0,0,0,Colorado,LOGAN,,TIMKA RESOURCES LTD,0,0,0,0
c42ab934-aa43-4962-8314-e5dfa9e7542d,05075060630000,5/1/2009 12:00:00 AM,0,0,0,Colorado,LOGAN,,TIMKA RESOURCES LTD,0,0,0,0
c42ab934-aa43-4962-8314-e5dfa9e7542d,05075060630000,4/1/2009 12:00:00 AM,0,0,0,Colorado,LOGAN,,TIMKA RESOURCES LTD,0,0,0,0
c42ab934-aa43-4962-8314-e5dfa9e7542d,05075060630000,3/1/2009 12:00:00 AM,0,0,0,Colorado,LOGAN,,TIMKA RESOURCES LTD,0,0,0,0
c42ab934-aa43-4962-8314-e5dfa9e7542d,05075060630000,2/1/2009 12:00:00 AM,0,0,0,Colorado,LOGAN,,TIMKA RESOURCES LTD,0,0,0,0
c42ab934-aa43-4962-8314-e5dfa9e7542d,05075060630000,1/1/2009 12:00:00 AM,0,0,0,Colorado,LOGAN,,TIMKA RESOURCES LTD,0,0,0,0
c42ab934-aa43-4962-8314-e5dfa9e7542d,05075060630000,12/1/2008 12:00:00 AM,0,0,0,Colorado,LOGAN,,TIMKA RESOURCES LTD,0,0,0,0
c42ab934-aa43-4962-8314-e5dfa9e7542d,05075060630000,11/1/2008 12:00:00 AM,0,0,0,Colorado,LOGAN,,TIMKA RESOURCES LTD,0,0,0,0
c42ab934-aa43-4962-8314-e5dfa9e7542d,05075060630000,10/1/2008 12:00:00 AM,0,0,0,Colorado,LOGAN,,TIMKA RESOURCES LTD,0,0,0,0
c42ab934-aa43-4962-8314-e5dfa9e7542d,05075060630000,9/1/2008 12:00:00 AM,0,0,0,Colorado,LOGAN,,TIMKA RESOURCES LTD,0,0,0,0
c42ab934-aa43-4962-8314-e5dfa9e7542d,05075060630000,8/1/2008 12:00:00 AM,0,0,0,Colorado,LOGAN,,TIMKA RESOURCES LTD,0,0,0,0
c42ab934-aa43-4962-8314-e5dfa9e7542d,05075060630000,7/1/2008 12:00:00 AM,0,0,0,Colorado,LOGAN,,TIMKA RESOURCES LTD,0,0,0,0
c42ab934-aa43-4962-8314-e5dfa9e7542d,05075060630000,6/1/2008 12:00:00 AM,0,0,0,Colorado,LOGAN,,TIMKA RESOURCES LTD,0,0,0,0
c42ab934-aa43-4962-8314-e5dfa9e7542d,05075060630000,5/1/2008 12:00:00 AM,0,0,0,Colorado,LOGAN,,TIMKA RESOURCES LTD,0,0,0,0
c96c2239-e0fa-4e4f-bd51-fe72a16f105b,05045233270000,1/1/2018 12:00:00 AM,0,62319,0,Colorado,GARFIELD,,URSA OPERATING COMPANY LLC,31,0,2010,0
c96c2239-e0fa-4e4f-bd51-fe72a16f105b,05045233270000,12/1/2017 12:00:00 AM,0,0,0,Colorado,GARFIELD,,URSA OPERATING COMPANY LLC,0,0,0,0
c96c2239-e0fa-4e4f-bd51-fe72a16f105b,05045233270000,10/1/2017 12:00:00 AM,0,0,0,Colorado,GARFIELD,,URSA OPERATING COMPANY LLC,0,0,0,0
c96c2239-e0fa-4e4f-bd51-fe72a16f105b,05045233270000,9/1/2017 12:00:00 AM,0,0,0,Colorado,GARFIELD,,URSA OPERATING COMPANY LLC,0,0,0,0
c96c2239-e0fa-4e4f-bd51-fe72a16f105b,05045233270000,8/1/2017 12:00:00 AM,0,0,0,Colorado,GARFIELD,,URSA OPERATING COMPANY LLC,0,0,0,0
c96c2239-e0fa-4e4f-bd51-fe72a16f105b,05045233270000,6/1/2017 12:00:00 AM,0,0,0,Colorado,GARFIELD,,URSA OPERATING COMPANY LLC,0,0,0,0
c1bab69d-0505-4b81-800b-71fbdf31d32a,05045234810000,1/1/2018 12:00:00 AM,0,3440,0,Colorado,GARFIELD,,URSA OPERATING COMPANY LLC,9,0,382,0
90866b38-4325-4a18-bc06-b6006aaa5b45,33105043760000,2/1/2018 12:00:00 AM,17780,15723,47799,North Dakota,WILLIAMS,,WHITING OIL AND GAS CORPORATION,18,988,874,2656
aa65195f-b274-4a20-a391-fa20064147ae,33105043720000,2/1/2018 12:00:00 AM,937,631,9555,North Dakota,WILLIAMS,,WHITING OIL AND GAS CORPORATION,9,104,70,1062
c28b0732-3a96-42a8-a08e-d02a85ce4d01,33105043750000,2/1/2018 12:00:00 AM,8048,7576,28121,North Dakota,WILLIAMS,,WHITING OIL AND GAS CORPORATION,13,619,583,2163
c0593093-747b-4300-bb2b-6984d5b26e54,33105043740000,2/1/2018 12:00:00 AM,2529,2564,13860,North Dakota,WILLIAMS,,WHITING OIL AND GAS CORPORATION,9,281,285,1540
f191ab6a-c392-46f4-847c-4a1cfec1ddba,33053077240000,2/1/2018 12:00:00 AM,6658,8156,7082,North Dakota,MC KENZIE,,WHITING OIL AND GAS CORPORATION,8,832,1020,885
9c6ee907-4d2a-4053-956a-483d4fa6b251,33053075580000,2/1/2018 12:00:00 AM,9383,12463,29534,North Dakota,MC KENZIE,,WHITING OIL AND GAS CORPORATION,18,521,692,1641
e81c8b3f-90eb-4624-ba30-8fe7148bfa35,33105043730000,2/1/2018 12:00:00 AM,173,226,10656,North Dakota,WILLIAMS,,WHITING OIL AND GAS CORPORATION,13,13,17,820
1d1ec529-27b3-4c53-a102-db27cade41e3,33053077230000,2/1/2018 12:00:00 AM,15201,16981,14977,North Dakota,MC KENZIE,,WHITING OIL AND GAS CORPORATION,20,760,849,749
1283a5c5-57d9-4d27-b253-be121ab48c41,33053075570000,2/1/2018 12:00:00 AM,14482,20652,31604,North Dakota,MC KENZIE,,WHITING OIL AND GAS CORPORATION,21,690,983,1505
9e84638d-582a-4fde-b204-6e64b1f7be7c,33061040250000,2/1/2018 12:00:00 AM,1021,726,2,North Dakota,MOUNTRAIL,,WHITING OIL AND GAS CORPORATION,9,113,81,0
9e84638d-582a-4fde-b204-6e64b1f7be7c,33061040250000,1/1/2018 12:00:00 AM,23,0,0,North Dakota,MOUNTRAIL,,WHITING OIL AND GAS CORPORATION,2,12,0,0
23e96e71-7737-487c-a191-6f54124b0672,3002543186,1/1/2018 12:00:00 AM,189,742,6976,New Mexico,LEA,WC-025 G-06 S263407P,"DEVON ENERGY PRODUCTION COMPANY, LP",9,21,82,775
53cc3209-b120-47ff-bc24-ecda794808ec,17113225110000,1/1/2018 12:00:00 AM,11290,582,11290,Louisiana,VERMILION,ABBEVILLE - VERMILION,"DUNN EXPLORATION COMPANY, LLC",31,364,19,364
c1bab69d-0505-4b81-800b-71fbdf31d32a,05045234810000,12/1/2017 12:00:00 AM,0,0,0,Colorado,GARFIELD,,URSA OPERATING COMPANY LLC,0,0,0,0
98d604a3-36b0-485e-9044-58e648cca2ea,4304755745,2/1/2018 12:00:00 AM,1928,6529,28230,Utah,UINTAH,,WHITING OIL & GAS CORPORATION,23,84,284,1227
d718013d-9609-4bde-9614-03ebba327b44,33105043820000,2/1/2018 12:00:00 AM,523,688,18434,North Dakota,WILLIAMS,,WHITING OIL AND GAS CORPORATION,3,174,229,6145
c42ab934-aa43-4962-8314-e5dfa9e7542d,05075060630000,4/1/2008 12:00:00 AM,0,0,0,Colorado,LOGAN,,TIMKA RESOURCES LTD,0,0,0,0
c42ab934-aa43-4962-8314-e5dfa9e7542d,05075060630000,3/1/2008 12:00:00 AM,0,0,0,Colorado,LOGAN,,TIMKA RESOURCES LTD,0,0,0,0
c42ab934-aa43-4962-8314-e5dfa9e7542d,05075060630000,2/1/2008 12:00:00 AM,0,0,0,Colorado,LOGAN,,TIMKA RESOURCES LTD,0,0,0,0
c42ab934-aa43-4962-8314-e5dfa9e7542d,05075060630000,6/1/2014 12:00:00 AM,0,0,0,Colorado,LOGAN,,TIMKA RESOURCES LTD,0,0,0,0
c42ab934-aa43-4962-8314-e5dfa9e7542d,05075060630000,5/1/2014 12:00:00 AM,0,0,0,Colorado,LOGAN,,TIMKA RESOURCES LTD,0,0,0,0
c42ab934-aa43-4962-8314-e5dfa9e7542d,05075060630000,4/1/2014 12:00:00 AM,0,0,0,Colorado,LOGAN,,TIMKA RESOURCES LTD,0,0,0,0
c42ab934-aa43-4962-8314-e5dfa9e7542d,05075060630000,3/1/2014 12:00:00 AM,0,0,0,Colorado,LOGAN,,TIMKA RESOURCES LTD,0,0,0,0
c42ab934-aa43-4962-8314-e5dfa9e7542d,05075060630000,2/1/2014 12:00:00 AM,0,0,0,Colorado,LOGAN,,TIMKA RESOURCES LTD,0,0,0,0
c42ab934-aa43-4962-8314-e5dfa9e7542d,05075060630000,1/1/2014 12:00:00 AM,0,0,0,Colorado,LOGAN,,TIMKA RESOURCES LTD,0,0,0,0
c42ab934-aa43-4962-8314-e5dfa9e7542d,05075060630000,12/1/2013 12:00:00 AM,0,0,0,Colorado,LOGAN,,TIMKA RESOURCES LTD,0,0,0,0
c42ab934-aa43-4962-8314-e5dfa9e7542d,05075060630000,11/1/2013 12:00:00 AM,0,0,0,Colorado,LOGAN,,TIMKA RESOURCES LTD,0,0,0,0
c42ab934-aa43-4962-8314-e5dfa9e7542d,05075060630000,10/1/2013 12:00:00 AM,0,0,0,Colorado,LOGAN,,TIMKA RESOURCES LTD,0,0,0,0
c42ab934-aa43-4962-8314-e5dfa9e7542d,05075060630000,9/1/2013 12:00:00 AM,0,0,0,Colorado,LOGAN,,TIMKA RESOURCES LTD,0,0,0,0
c42ab934-aa43-4962-8314-e5dfa9e7542d,05075060630000,8/1/2013 12:00:00 AM,0,0,0,Colorado,LOGAN,,TIMKA RESOURCES LTD,0,0,0,0
c42ab934-aa43-4962-8314-e5dfa9e7542d,05075060630000,7/1/2013 12:00:00 AM,0,0,0,Colorado,LOGAN,,TIMKA RESOURCES LTD,0,0,0,0
c42ab934-aa43-4962-8314-e5dfa9e7542d,05075060630000,6/1/2013 12:00:00 AM,0,0,0,Colorado,LOGAN,,TIMKA RESOURCES LTD,0,0,0,0
c42ab934-aa43-4962-8314-e5dfa9e7542d,05075060630000,5/1/2013 12:00:00 AM,0,0,0,Colorado,LOGAN,,TIMKA RESOURCES LTD,0,0,0,0
c42ab934-aa43-4962-8314-e5dfa9e7542d,05075060630000,4/1/2013 12:00:00 AM,0,0,0,Colorado,LOGAN,,TIMKA RESOURCES LTD,0,0,0,0
c42ab934-aa43-4962-8314-e5dfa9e7542d,05075060630000,3/1/2013 12:00:00 AM,0,0,0,Colorado,LOGAN,,TIMKA RESOURCES LTD,0,0,0,0
c42ab934-aa43-4962-8314-e5dfa9e7542d,05075060630000,2/1/2013 12:00:00 AM,0,0,0,Colorado,LOGAN,,TIMKA RESOURCES LTD,0,0,0,0
c42ab934-aa43-4962-8314-e5dfa9e7542d,05075060630000,1/1/2013 12:00:00 AM,0,0,0,Colorado,LOGAN,,TIMKA RESOURCES LTD,0,0,0,0
c42ab934-aa43-4962-8314-e5dfa9e7542d,05075060630000,12/1/2012 12:00:00 AM,0,0,0,Colorado,LOGAN,,TIMKA RESOURCES LTD,0,0,0,0
c42ab934-aa43-4962-8314-e5dfa9e7542d,05075060630000,11/1/2012 12:00:00 AM,0,0,0,Colorado,LOGAN,,TIMKA RESOURCES LTD,0,0,0,0
c42ab934-aa43-4962-8314-e5dfa9e7542d,05075060630000,10/1/2012 12:00:00 AM,0,0,0,Colorado,LOGAN,,TIMKA RESOURCES LTD,0,0,0,0
c42ab934-aa43-4962-8314-e5dfa9e7542d,05075060630000,9/1/2012 12:00:00 AM,0,0,0,Colorado,LOGAN,,TIMKA RESOURCES LTD,0,0,0,0
c42ab934-aa43-4962-8314-e5dfa9e7542d,05075060630000,8/1/2012 12:00:00 AM,0,0,0,Colorado,LOGAN,,TIMKA RESOURCES LTD,0,0,0,0
c42ab934-aa43-4962-8314-e5dfa9e7542d,05075060630000,7/1/2012 12:00:00 AM,0,0,0,Colorado,LOGAN,,TIMKA RESOURCES LTD,0,0,0,0
c42ab934-aa43-4962-8314-e5dfa9e7542d,05075060630000,6/1/2012 12:00:00 AM,0,0,0,Colorado,LOGAN,,TIMKA RESOURCES LTD,0,0,0,0
c42ab934-aa43-4962-8314-e5dfa9e7542d,05075060630000,5/1/2012 12:00:00 AM,0,0,0,Colorado,LOGAN,,TIMKA RESOURCES LTD,0,0,0,0
c42ab934-aa43-4962-8314-e5dfa9e7542d,05075060630000,4/1/2012 12:00:00 AM,0,0,0,Colorado,LOGAN,,TIMKA RESOURCES LTD,0,0,0,0
c42ab934-aa43-4962-8314-e5dfa9e7542d,05075060630000,3/1/2012 12:00:00 AM,0,0,0,Colorado,LOGAN,,TIMKA RESOURCES LTD,0,0,0,0
c42ab934-aa43-4962-8314-e5dfa9e7542d,05075060630000,2/1/2012 12:00:00 AM,0,0,0,Colorado,LOGAN,,TIMKA RESOURCES LTD,0,0,0,0
c42ab934-aa43-4962-8314-e5dfa9e7542d,05075060630000,1/1/2012 12:00:00 AM,0,0,0,Colorado,LOGAN,,TIMKA RESOURCES LTD,0,0,0,0
c42ab934-aa43-4962-8314-e5dfa9e7542d,05075060630000,12/1/2011 12:00:00 AM,0,0,0,Colorado,LOGAN,,TIMKA RESOURCES LTD,0,0,0,0
c42ab934-aa43-4962-8314-e5dfa9e7542d,05075060630000,11/1/2011 12:00:00 AM,0,0,0,Colorado,LOGAN,,TIMKA RESOURCES LTD,0,0,0,0
c42ab934-aa43-4962-8314-e5dfa9e7542d,05075060630000,10/1/2011 12:00:00 AM,0,0,0,Colorado,LOGAN,,TIMKA RESOURCES LTD,0,0,0,0
c42ab934-aa43-4962-8314-e5dfa9e7542d,05075060630000,9/1/2011 12:00:00 AM,0,0,0,Colorado,LOGAN,,TIMKA RESOURCES LTD,0,0,0,0
c42ab934-aa43-4962-8314-e5dfa9e7542d,05075060630000,8/1/2011 12:00:00 AM,0,0,0,Colorado,LOGAN,,TIMKA RESOURCES LTD,0,0,0,0
c42ab934-aa43-4962-8314-e5dfa9e7542d,05075060630000,7/1/2011 12:00:00 AM,0,0,0,Colorado,LOGAN,,TIMKA RESOURCES LTD,0,0,0,0
c42ab934-aa43-4962-8314-e5dfa9e7542d,05075060630000,6/1/2011 12:00:00 AM,0,0,0,Colorado,LOGAN,,TIMKA RESOURCES LTD,0,0,0,0
c42ab934-aa43-4962-8314-e5dfa9e7542d,05075060630000,5/1/2011 12:00:00 AM,0,0,0,Colorado,LOGAN,,TIMKA RESOURCES LTD,0,0,0,0
c42ab934-aa43-4962-8314-e5dfa9e7542d,05075060630000,4/1/2011 12:00:00 AM,0,0,0,Colorado,LOGAN,,TIMKA RESOURCES LTD,0,0,0,0
c42ab934-aa43-4962-8314-e5dfa9e7542d,05075060630000,3/1/2011 12:00:00 AM,0,0,0,Colorado,LOGAN,,TIMKA RESOURCES LTD,0,0,0,0
c42ab934-aa43-4962-8314-e5dfa9e7542d,05075060630000,2/1/2011 12:00:00 AM,0,0,0,Colorado,LOGAN,,TIMKA RESOURCES LTD,0,0,0,0
c42ab934-aa43-4962-8314-e5dfa9e7542d,05075060630000,1/1/2011 12:00:00 AM,0,0,0,Colorado,LOGAN,,TIMKA RESOURCES LTD,0,0,0,0
c42ab934-aa43-4962-8314-e5dfa9e7542d,05075060630000,12/1/2010 12:00:00 AM,0,0,0,Colorado,LOGAN,,TIMKA RESOURCES LTD,0,0,0,0
c42ab934-aa43-4962-8314-e5dfa9e7542d,05075060630000,11/1/2010 12:00:00 AM,0,0,0,Colorado,LOGAN,,TIMKA RESOURCES LTD,0,0,0,0
c42ab934-aa43-4962-8314-e5dfa9e7542d,05075060630000,10/1/2010 12:00:00 AM,0,0,0,Colorado,LOGAN,,TIMKA RESOURCES LTD,0,0,0,0
c42ab934-aa43-4962-8314-e5dfa9e7542d,05075060630000,9/1/2010 12:00:00 AM,0,0,0,Colorado,LOGAN,,TIMKA RESOURCES LTD,0,0,0,0
c42ab934-aa43-4962-8314-e5dfa9e7542d,05075060630000,8/1/2010 12:00:00 AM,0,0,0,Colorado,LOGAN,,TIMKA RESOURCES LTD,0,0,0,0
c42ab934-aa43-4962-8314-e5dfa9e7542d,05075060630000,7/1/2010 12:00:00 AM,0,0,0,Colorado,LOGAN,,TIMKA RESOURCES LTD,0,0,0,0
c42ab934-aa43-4962-8314-e5dfa9e7542d,05075060630000,6/1/2010 12:00:00 AM,0,0,0,Colorado,LOGAN,,TIMKA RESOURCES LTD,0,0,0,0
c42ab934-aa43-4962-8314-e5dfa9e7542d,05075060630000,5/1/2010 12:00:00 AM,0,0,0,Colorado,LOGAN,,TIMKA RESOURCES LTD,0,0,0,0
c42ab934-aa43-4962-8314-e5dfa9e7542d,05075060630000,4/1/2010 12:00:00 AM,0,0,0,Colorado,LOGAN,,TIMKA RESOURCES LTD,0,0,0,0
c42ab934-aa43-4962-8314-e5dfa9e7542d,05075060630000,3/1/2010 12:00:00 AM,0,0,0,Colorado,LOGAN,,TIMKA RESOURCES LTD,0,0,0,0
c42ab934-aa43-4962-8314-e5dfa9e7542d,05075060630000,2/1/2018 12:00:00 AM,0,0,180,Colorado,LOGAN,,TIMKA RESOURCES LTD,2,0,0,90
c42ab934-aa43-4962-8314-e5dfa9e7542d,05075060630000,1/1/2018 12:00:00 AM,0,0,0,Colorado,LOGAN,,TIMKA RESOURCES LTD,0,0,0,0
c42ab934-aa43-4962-8314-e5dfa9e7542d,05075060630000,12/1/2017 12:00:00 AM,0,0,0,Colorado,LOGAN,,TIMKA RESOURCES LTD,0,0,0,0
c42ab934-aa43-4962-8314-e5dfa9e7542d,05075060630000,11/1/2017 12:00:00 AM,0,0,0,Colorado,LOGAN,,TIMKA RESOURCES LTD,0,0,0,0
c42ab934-aa43-4962-8314-e5dfa9e7542d,05075060630000,10/1/2017 12:00:00 AM,0,0,0,Colorado,LOGAN,,TIMKA RESOURCES LTD,0,0,0,0
c42ab934-aa43-4962-8314-e5dfa9e7542d,05075060630000,9/1/2017 12:00:00 AM,0,0,0,Colorado,LOGAN,,TIMKA RESOURCES LTD,0,0,0,0
c42ab934-aa43-4962-8314-e5dfa9e7542d,05075060630000,8/1/2017 12:00:00 AM,0,0,0,Colorado,LOGAN,,TIMKA RESOURCES LTD,0,0,0,0
c42ab934-aa43-4962-8314-e5dfa9e7542d,05075060630000,7/1/2017 12:00:00 AM,0,0,0,Colorado,LOGAN,,TIMKA RESOURCES LTD,0,0,0,0
c42ab934-aa43-4962-8314-e5dfa9e7542d,05075060630000,6/1/2017 12:00:00 AM,0,0,0,Colorado,LOGAN,,TIMKA RESOURCES LTD,0,0,0,0
c42ab934-aa43-4962-8314-e5dfa9e7542d,05075060630000,5/1/2017 12:00:00 AM,0,0,0,Colorado,LOGAN,,TIMKA RESOURCES LTD,0,0,0,0
c42ab934-aa43-4962-8314-e5dfa9e7542d,05075060630000,4/1/2017 12:00:00 AM,0,0,0,Colorado,LOGAN,,TIMKA RESOURCES LTD,0,0,0,0
c42ab934-aa43-4962-8314-e5dfa9e7542d,05075060630000,3/1/2017 12:00:00 AM,0,0,0,Colorado,LOGAN,,TIMKA RESOURCES LTD,0,0,0,0
c42ab934-aa43-4962-8314-e5dfa9e7542d,05075060630000,2/1/2017 12:00:00 AM,0,0,0,Colorado,LOGAN,,TIMKA RESOURCES LTD,0,0,0,0
c42ab934-aa43-4962-8314-e5dfa9e7542d,05075060630000,1/1/2017 12:00:00 AM,0,0,0,Colorado,LOGAN,,TIMKA RESOURCES LTD,0,0,0,0
c42ab934-aa43-4962-8314-e5dfa9e7542d,05075060630000,12/1/2016 12:00:00 AM,0,0,0,Colorado,LOGAN,,TIMKA RESOURCES LTD,0,0,0,0
c42ab934-aa43-4962-8314-e5dfa9e7542d,05075060630000,11/1/2016 12:00:00 AM,0,0,0,Colorado,LOGAN,,TIMKA RESOURCES LTD,0,0,0,0
c42ab934-aa43-4962-8314-e5dfa9e7542d,05075060630000,10/31/2016 12:00:00 AM,0,0,0,Colorado,LOGAN,,TIMKA RESOURCES LTD,0,0,0,0
c42ab934-aa43-4962-8314-e5dfa9e7542d,05075060630000,10/1/2016 12:00:00 AM,0,0,0,Colorado,LOGAN,,TIMKA RESOURCES LTD,0,0,0,0
c42ab934-aa43-4962-8314-e5dfa9e7542d,05075060630000,9/30/2016 12:00:00 AM,0,0,0,Colorado,LOGAN,,TIMKA RESOURCES LTD,0,0,0,0
c42ab934-aa43-4962-8314-e5dfa9e7542d,05075060630000,9/1/2016 12:00:00 AM,0,0,0,Colorado,LOGAN,,TIMKA RESOURCES LTD,0,0,0,0
c42ab934-aa43-4962-8314-e5dfa9e7542d,05075060630000,8/31/2016 12:00:00 AM,0,0,0,Colorado,LOGAN,,TIMKA RESOURCES LTD,0,0,0,0
c42ab934-aa43-4962-8314-e5dfa9e7542d,05075060630000,8/1/2016 12:00:00 AM,0,0,0,Colorado,LOGAN,,TIMKA RESOURCES LTD,0,0,0,0
c42ab934-aa43-4962-8314-e5dfa9e7542d,05075060630000,7/31/2016 12:00:00 AM,0,0,0,Colorado,LOGAN,,TIMKA RESOURCES LTD,0,0,0,0
c42ab934-aa43-4962-8314-e5dfa9e7542d,05075060630000,7/1/2016 12:00:00 AM,0,0,0,Colorado,LOGAN,,TIMKA RESOURCES LTD,0,0,0,0
c42ab934-aa43-4962-8314-e5dfa9e7542d,05075060630000,6/30/2016 12:00:00 AM,0,0,0,Colorado,LOGAN,,TIMKA RESOURCES LTD,0,0,0,0
c42ab934-aa43-4962-8314-e5dfa9e7542d,05075060630000,6/1/2016 12:00:00 AM,0,0,0,Colorado,LOGAN,,TIMKA RESOURCES LTD,0,0,0,0
c42ab934-aa43-4962-8314-e5dfa9e7542d,05075060630000,5/31/2016 12:00:00 AM,0,0,0,Colorado,LOGAN,,TIMKA RESOURCES LTD,0,0,0,0
c42ab934-aa43-4962-8314-e5dfa9e7542d,05075060630000,5/1/2016 12:00:00 AM,0,0,0,Colorado,LOGAN,,TIMKA RESOURCES LTD,0,0,0,0
c42ab934-aa43-4962-8314-e5dfa9e7542d,05075060630000,4/30/2016 12:00:00 AM,0,0,0,Colorado,LOGAN,,TIMKA RESOURCES LTD,0,0,0,0
c42ab934-aa43-4962-8314-e5dfa9e7542d,05075060630000,4/1/2016 12:00:00 AM,0,0,0,Colorado,LOGAN,,TIMKA RESOURCES LTD,0,0,0,0
c42ab934-aa43-4962-8314-e5dfa9e7542d,05075060630000,3/31/2016 12:00:00 AM,0,0,0,Colorado,LOGAN,,TIMKA RESOURCES LTD,0,0,0,0
c42ab934-aa43-4962-8314-e5dfa9e7542d,05075060630000,3/1/2016 12:00:00 AM,0,0,0,Colorado,LOGAN,,TIMKA RESOURCES LTD,0,0,0,0
c42ab934-aa43-4962-8314-e5dfa9e7542d,05075060630000,2/29/2016 12:00:00 AM,0,0,0,Colorado,LOGAN,,TIMKA RESOURCES LTD,0,0,0,0
c42ab934-aa43-4962-8314-e5dfa9e7542d,05075060630000,2/1/2016 12:00:00 AM,0,0,0,Colorado,LOGAN,,TIMKA RESOURCES LTD,0,0,0,0
c42ab934-aa43-4962-8314-e5dfa9e7542d,05075060630000,1/31/2016 12:00:00 AM,0,0,0,Colorado,LOGAN,,TIMKA RESOURCES LTD,0,0,0,0
c42ab934-aa43-4962-8314-e5dfa9e7542d,05075060630000,1/1/2016 12:00:00 AM,0,0,0,Colorado,LOGAN,,TIMKA RESOURCES LTD,0,0,0,0
c42ab934-aa43-4962-8314-e5dfa9e7542d,05075060630000,12/31/2015 12:00:00 AM,0,0,0,Colorado,LOGAN,,TIMKA RESOURCES LTD,0,0,0,0
c42ab934-aa43-4962-8314-e5dfa9e7542d,05075060630000,12/1/2015 12:00:00 AM,0,0,0,Colorado,LOGAN,,TIMKA RESOURCES LTD,0,0,0,0
c42ab934-aa43-4962-8314-e5dfa9e7542d,05075060630000,11/30/2015 12:00:00 AM,0,0,0,Colorado,LOGAN,,TIMKA RESOURCES LTD,0,0,0,0
c42ab934-aa43-4962-8314-e5dfa9e7542d,05075060630000,11/1/2015 12:00:00 AM,0,0,0,Colorado,LOGAN,,TIMKA RESOURCES LTD,0,0,0,0
c42ab934-aa43-4962-8314-e5dfa9e7542d,05075060630000,10/31/2015 12:00:00 AM,0,0,0,Colorado,LOGAN,,TIMKA RESOURCES LTD,0,0,0,0
c42ab934-aa43-4962-8314-e5dfa9e7542d,05075060630000,10/1/2015 12:00:00 AM,0,0,0,Colorado,LOGAN,,TIMKA RESOURCES LTD,0,0,0,0
c42ab934-aa43-4962-8314-e5dfa9e7542d,05075060630000,9/1/2015 12:00:00 AM,0,0,0,Colorado,LOGAN,,TIMKA RESOURCES LTD,0,0,0,0
c42ab934-aa43-4962-8314-e5dfa9e7542d,05075060630000,8/1/2015 12:00:00 AM,0,0,0,Colorado,LOGAN,,TIMKA RESOURCES LTD,0,0,0,0
c42ab934-aa43-4962-8314-e5dfa9e7542d,05075060630000,7/1/2015 12:00:00 AM,0,0,0,Colorado,LOGAN,,TIMKA RESOURCES LTD,0,0,0,0
17e82fcf-8b04-475f-81b8-06469fed67cd,05123432170000,10/1/2017 12:00:00 AM,0,0,0,Colorado,WELD,,BARRETT CORPORATION* BILL,0,0,0,0
17e82fcf-8b04-475f-81b8-06469fed67cd,05123432170000,9/1/2017 12:00:00 AM,0,0,0,Colorado,WELD,,BARRETT CORPORATION* BILL,0,0,0,0
17e82fcf-8b04-475f-81b8-06469fed67cd,05123432170000,1/1/2018 12:00:00 AM,0,0,405,Colorado,WELD,,BARRETT CORPORATION* BILL,1,0,0,405
17e82fcf-8b04-475f-81b8-06469fed67cd,05123432170000,12/1/2017 12:00:00 AM,0,0,0,Colorado,WELD,,BARRETT CORPORATION* BILL,0,0,0,0
b8f7d5ab-bd16-482a-a354-124292daa7eb,3001544366,1/1/2018 12:00:00 AM,7308,5021,63252,New Mexico,EDDY,N. SEVEN RIVERS,"PERCUSSION PETROLEUM OPERATING, LLC",19,385,264,3329
61db6d29-7a76-4d4e-a440-0d974a58d36d,33025026090000,12/1/2017 12:00:00 AM,0,0,0,North Dakota,DUNN,,"PETRO-HUNT, L.L.C.",0,0,0,0
29769e68-50d2-43cd-880d-39cbc59512bf,33007018860000,2/1/2018 12:00:00 AM,7430,8198,12717,North Dakota,BILLINGS,,"PETRO-HUNT, L.L.C.",14,531,586,908
29769e68-50d2-43cd-880d-39cbc59512bf,33007018860000,1/1/2018 12:00:00 AM,0,0,0,North Dakota,BILLINGS,,"PETRO-HUNT, L.L.C.",0,0,0,0
0867313d-7728-47cb-928d-6487c8fb7443,33025032340000,2/1/2018 12:00:00 AM,13479,11125,19951,North Dakota,DUNN,,"PETRO-HUNT, L.L.C.",28,481,397,713
0867313d-7728-47cb-928d-6487c8fb7443,33025032340000,1/1/2018 12:00:00 AM,15732,12152,21141,North Dakota,DUNN,,"PETRO-HUNT, L.L.C.",27,583,450,783
0867313d-7728-47cb-928d-6487c8fb7443,33025032340000,12/1/2017 12:00:00 AM,0,0,0,North Dakota,DUNN,,"PETRO-HUNT, L.L.C.",0,0,0,0
46c3081d-20d2-476e-b4ac-810593c820ca,33025030150000,2/1/2018 12:00:00 AM,14429,11028,20667,North Dakota,DUNN,,"PETRO-HUNT, L.L.C.",23,627,479,899
46c3081d-20d2-476e-b4ac-810593c820ca,33025030150000,1/1/2018 12:00:00 AM,0,7,0,North Dakota,DUNN,,"PETRO-HUNT, L.L.C.",31,0,0,0
46c3081d-20d2-476e-b4ac-810593c820ca,33025030150000,12/1/2017 12:00:00 AM,0,0,0,North Dakota,DUNN,,"PETRO-HUNT, L.L.C.",0,0,0,0
9f11cba5-5b23-4e34-ac9d-39780c6be214,33025026100000,2/1/2018 12:00:00 AM,12517,9747,13440,North Dakota,DUNN,,"PETRO-HUNT, L.L.C.",26,481,375,517
9f11cba5-5b23-4e34-ac9d-39780c6be214,33025026100000,1/1/2018 12:00:00 AM,7834,5219,7828,North Dakota,DUNN,,"PETRO-HUNT, L.L.C.",10,783,522,783
9f11cba5-5b23-4e34-ac9d-39780c6be214,33025026100000,12/1/2017 12:00:00 AM,0,0,0,North Dakota,DUNN,,"PETRO-HUNT, L.L.C.",0,0,0,0
61db6d29-7a76-4d4e-a440-0d974a58d36d,33025026090000,2/1/2018 12:00:00 AM,13770,11751,15879,North Dakota,DUNN,,"PETRO-HUNT, L.L.C.",28,492,420,567
fc891525-3a8c-4373-86a9-58b0b1d6945d,25101242650000,2/28/2018 12:00:00 AM,10,0,450,Montana,TOOLE,,"Somont Oil Company, Inc.",28,0,0,16
fc891525-3a8c-4373-86a9-58b0b1d6945d,25101242650000,1/31/2018 12:00:00 AM,5,0,450,Montana,TOOLE,,"Somont Oil Company, Inc.",31,0,0,15
a9d042fe-679a-4e92-ae00-3ca445aed8ba,25101242340000,2/28/2015 12:00:00 AM,0,0,0,Montana,TOOLE,,"Somont Oil Company, Inc.",0,0,0,0
a9d042fe-679a-4e92-ae00-3ca445aed8ba,25101242340000,1/31/2015 12:00:00 AM,0,0,0,Montana,TOOLE,,"Somont Oil Company, Inc.",0,0,0,0
a9d042fe-679a-4e92-ae00-3ca445aed8ba,25101242340000,12/31/2014 12:00:00 AM,0,0,0,Montana,TOOLE,,"Somont Oil Company, Inc.",0,0,0,0
a9d042fe-679a-4e92-ae00-3ca445aed8ba,25101242340000,11/30/2014 12:00:00 AM,0,0,0,Montana,TOOLE,,"Somont Oil Company, Inc.",0,0,0,0
c42ab934-aa43-4962-8314-e5dfa9e7542d,05075060630000,6/1/2015 12:00:00 AM,0,0,0,Colorado,LOGAN,,TIMKA RESOURCES LTD,0,0,0,0
c42ab934-aa43-4962-8314-e5dfa9e7542d,05075060630000,5/1/2015 12:00:00 AM,0,0,0,Colorado,LOGAN,,TIMKA RESOURCES LTD,0,0,0,0
c42ab934-aa43-4962-8314-e5dfa9e7542d,05075060630000,4/1/2015 12:00:00 AM,0,0,0,Colorado,LOGAN,,TIMKA RESOURCES LTD,0,0,0,0
c42ab934-aa43-4962-8314-e5dfa9e7542d,05075060630000,3/1/2015 12:00:00 AM,0,0,0,Colorado,LOGAN,,TIMKA RESOURCES LTD,0,0,0,0
c42ab934-aa43-4962-8314-e5dfa9e7542d,05075060630000,2/1/2015 12:00:00 AM,0,0,0,Colorado,LOGAN,,TIMKA RESOURCES LTD,0,0,0,0
c42ab934-aa43-4962-8314-e5dfa9e7542d,05075060630000,1/1/2015 12:00:00 AM,0,0,0,Colorado,LOGAN,,TIMKA RESOURCES LTD,0,0,0,0
c42ab934-aa43-4962-8314-e5dfa9e7542d,05075060630000,12/1/2014 12:00:00 AM,0,0,0,Colorado,LOGAN,,TIMKA RESOURCES LTD,0,0,0,0
c42ab934-aa43-4962-8314-e5dfa9e7542d,05075060630000,11/30/2014 12:00:00 AM,0,0,0,Colorado,LOGAN,,TIMKA RESOURCES LTD,0,0,0,0
c42ab934-aa43-4962-8314-e5dfa9e7542d,05075060630000,11/1/2014 12:00:00 AM,0,0,0,Colorado,LOGAN,,TIMKA RESOURCES LTD,0,0,0,0
c42ab934-aa43-4962-8314-e5dfa9e7542d,05075060630000,10/1/2014 12:00:00 AM,0,0,0,Colorado,LOGAN,,TIMKA RESOURCES LTD,0,0,0,0
8b5c70ee-3cdb-4ba9-bf71-7878fafddb90,33053071000000,1/1/2018 12:00:00 AM,0,0,0,North Dakota,MC KENZIE,,BURLINGTON RESOURCES OIL & GAS COMPANY LP,0,0,0,0
5a3d38da-e2df-4c45-9a5e-326642f6dcd8,35121220360001,1/1/2018 12:00:00 AM,0,384,0,Oklahoma,PITTSBURG,,CANAAN RESOURCES X LLC,31,0,12,0
88cf6f84-483c-40ed-bc4d-5875af027df6,05067100080000,12/1/2017 12:00:00 AM,0,0,0,Colorado,LA PLATA,,CATAMOUNT ENERGY PARTNERS LLC,0,0,0,0
a3468f88-a191-4100-9f8e-2355e17d1eb8,3001544063,1/1/2018 12:00:00 AM,9527,49894,85358,New Mexico,EDDY,PURPLE SAGE,"CAZA OPERATING, LLC",26,366,1919,3283
e2e47adf-d549-403c-8e43-a007cbeb288e,33061037320000,2/1/2018 12:00:00 AM,9850,13222,22230,North Dakota,MOUNTRAIL,,"HESS BAKKEN INVESTMENTS II, LLC",9,1094,0,2470
c78fa858-3165-4921-bb4d-eabb14ca9f79,608114068201,8/1/2017 12:00:00 AM,0,0,0,,GREEN CANYON,GC468,Hess Corporation,0,0,0,0
53510097-2cb5-4300-91e6-e6c204845325,3002543884,1/1/2018 12:00:00 AM,5857,3195,18237,New Mexico,LEA,E-K,"MCELVAIN ENERGY, INC",17,345,188,1073
1574caf7-0adb-40c5-a505-d39fb1334eb2,3002543883,1/1/2018 12:00:00 AM,6085,1166,11105,New Mexico,LEA,E-K,"McElvain Energy, Inc.",13,468,90,854
85c07af8-ce1d-4952-931b-cf9f4c1b2394,3002543577,1/1/2018 12:00:00 AM,40734,69132,94895,New Mexico,LEA,RED HILLS,MEWBOURNE OIL CO,31,1314,2230,3061
2267d4e9-7aeb-495a-831c-b03cd3ef64ab,35111273400000,3/1/2018 12:00:00 AM,0,750,0,Oklahoma,OKMULGEE,,MONARCH ENERGY COMPANY LLC,31,0,24,0
75a2caca-acea-4ea2-b60d-aa0979264ba1,05073067190000,11/1/2017 12:00:00 AM,0,0,0,Colorado,LINCOLN,,MURFIN DRILLING COMPANY INC,0,0,0,0
82985971-8ecd-414d-9662-c97f4f62cf8f,05045234480000,12/1/2017 12:00:00 AM,0,0,0,Colorado,GARFIELD,,TEP ROCKY MOUNTAIN LLC,0,0,0,0
c42ab934-aa43-4962-8314-e5dfa9e7542d,05075060630000,9/1/2014 12:00:00 AM,0,0,0,Colorado,LOGAN,,TIMKA RESOURCES LTD,0,0,0,0
90c84244-ef2a-4ebd-8e3c-5274541d6e63,35123026590000,3/1/2018 12:00:00 AM,0,919,0,Oklahoma,PONTOTOC,,UNITED ENERGY & EXPLORATION LLC,31,0,30,0
a9d042fe-679a-4e92-ae00-3ca445aed8ba,25101242340000,10/31/2014 12:00:00 AM,0,0,0,Montana,TOOLE,,"Somont Oil Company, Inc.",0,0,0,0
a9d042fe-679a-4e92-ae00-3ca445aed8ba,25101242340000,9/30/2014 12:00:00 AM,0,0,0,Montana,TOOLE,,"Somont Oil Company, Inc.",0,0,0,0
a9d042fe-679a-4e92-ae00-3ca445aed8ba,25101242340000,8/31/2014 12:00:00 AM,0,0,0,Montana,TOOLE,,"Somont Oil Company, Inc.",0,0,0,0
a9d042fe-679a-4e92-ae00-3ca445aed8ba,25101242340000,7/31/2014 12:00:00 AM,0,0,0,Montana,TOOLE,,"Somont Oil Company, Inc.",0,0,0,0
a9d042fe-679a-4e92-ae00-3ca445aed8ba,25101242340000,6/30/2014 12:00:00 AM,0,0,0,Montana,TOOLE,,"Somont Oil Company, Inc.",0,0,0,0
a9d042fe-679a-4e92-ae00-3ca445aed8ba,25101242340000,5/31/2014 12:00:00 AM,0,0,0,Montana,TOOLE,,"Somont Oil Company, Inc.",0,0,0,0
a9d042fe-679a-4e92-ae00-3ca445aed8ba,25101242340000,2/28/2017 12:00:00 AM,0,0,0,Montana,TOOLE,,"Somont Oil Company, Inc.",0,0,0,0
a9d042fe-679a-4e92-ae00-3ca445aed8ba,25101242340000,1/31/2017 12:00:00 AM,0,0,0,Montana,TOOLE,,"Somont Oil Company, Inc.",0,0,0,0
a9d042fe-679a-4e92-ae00-3ca445aed8ba,25101242340000,12/31/2016 12:00:00 AM,0,0,0,Montana,TOOLE,,"Somont Oil Company, Inc.",0,0,0,0
a9d042fe-679a-4e92-ae00-3ca445aed8ba,25101242340000,11/30/2016 12:00:00 AM,0,0,0,Montana,TOOLE,,"Somont Oil Company, Inc.",0,0,0,0
a9d042fe-679a-4e92-ae00-3ca445aed8ba,25101242340000,10/31/2016 12:00:00 AM,0,0,0,Montana,TOOLE,,"Somont Oil Company, Inc.",0,0,0,0
a9d042fe-679a-4e92-ae00-3ca445aed8ba,25101242340000,9/30/2016 12:00:00 AM,0,0,0,Montana,TOOLE,,"Somont Oil Company, Inc.",0,0,0,0
a9d042fe-679a-4e92-ae00-3ca445aed8ba,25101242340000,8/31/2016 12:00:00 AM,0,0,0,Montana,TOOLE,,"Somont Oil Company, Inc.",0,0,0,0
a9d042fe-679a-4e92-ae00-3ca445aed8ba,25101242340000,7/31/2016 12:00:00 AM,0,0,0,Montana,TOOLE,,"Somont Oil Company, Inc.",0,0,0,0
a9d042fe-679a-4e92-ae00-3ca445aed8ba,25101242340000,6/30/2016 12:00:00 AM,0,0,0,Montana,TOOLE,,"Somont Oil Company, Inc.",0,0,0,0
a9d042fe-679a-4e92-ae00-3ca445aed8ba,25101242340000,5/31/2016 12:00:00 AM,0,0,0,Montana,TOOLE,,"Somont Oil Company, Inc.",0,0,0,0
a9d042fe-679a-4e92-ae00-3ca445aed8ba,25101242340000,4/30/2016 12:00:00 AM,0,0,0,Montana,TOOLE,,"Somont Oil Company, Inc.",0,0,0,0
a9d042fe-679a-4e92-ae00-3ca445aed8ba,25101242340000,3/31/2016 12:00:00 AM,0,0,0,Montana,TOOLE,,"Somont Oil Company, Inc.",0,0,0,0
a9d042fe-679a-4e92-ae00-3ca445aed8ba,25101242340000,2/29/2016 12:00:00 AM,0,0,0,Montana,TOOLE,,"Somont Oil Company, Inc.",0,0,0,0
a9d042fe-679a-4e92-ae00-3ca445aed8ba,25101242340000,1/31/2016 12:00:00 AM,0,0,0,Montana,TOOLE,,"Somont Oil Company, Inc.",0,0,0,0
a9d042fe-679a-4e92-ae00-3ca445aed8ba,25101242340000,12/31/2015 12:00:00 AM,0,0,0,Montana,TOOLE,,"Somont Oil Company, Inc.",0,0,0,0
a9d042fe-679a-4e92-ae00-3ca445aed8ba,25101242340000,11/30/2015 12:00:00 AM,0,0,0,Montana,TOOLE,,"Somont Oil Company, Inc.",0,0,0,0
a9d042fe-679a-4e92-ae00-3ca445aed8ba,25101242340000,10/31/2015 12:00:00 AM,0,0,0,Montana,TOOLE,,"Somont Oil Company, Inc.",0,0,0,0
a9d042fe-679a-4e92-ae00-3ca445aed8ba,25101242340000,9/30/2015 12:00:00 AM,0,0,0,Montana,TOOLE,,"Somont Oil Company, Inc.",0,0,0,0
a9d042fe-679a-4e92-ae00-3ca445aed8ba,25101242340000,8/31/2015 12:00:00 AM,0,0,0,Montana,TOOLE,,"Somont Oil Company, Inc.",0,0,0,0
a9d042fe-679a-4e92-ae00-3ca445aed8ba,25101242340000,7/31/2015 12:00:00 AM,0,0,0,Montana,TOOLE,,"Somont Oil Company, Inc.",0,0,0,0
a9d042fe-679a-4e92-ae00-3ca445aed8ba,25101242340000,6/30/2015 12:00:00 AM,0,0,0,Montana,TOOLE,,"Somont Oil Company, Inc.",0,0,0,0
a9d042fe-679a-4e92-ae00-3ca445aed8ba,25101242340000,5/31/2015 12:00:00 AM,0,0,0,Montana,TOOLE,,"Somont Oil Company, Inc.",0,0,0,0
a9d042fe-679a-4e92-ae00-3ca445aed8ba,25101242340000,4/30/2015 12:00:00 AM,0,0,0,Montana,TOOLE,,"Somont Oil Company, Inc.",0,0,0,0
a9d042fe-679a-4e92-ae00-3ca445aed8ba,25101242340000,3/31/2015 12:00:00 AM,0,0,0,Montana,TOOLE,,"Somont Oil Company, Inc.",0,0,0,0
a9d042fe-679a-4e92-ae00-3ca445aed8ba,25101242340000,2/28/2018 12:00:00 AM,10,0,2400,Montana,TOOLE,,"Somont Oil Company, Inc.",28,0,0,86
a9d042fe-679a-4e92-ae00-3ca445aed8ba,25101242340000,1/31/2018 12:00:00 AM,5,0,2400,Montana,TOOLE,,"Somont Oil Company, Inc.",31,0,0,77
a9d042fe-679a-4e92-ae00-3ca445aed8ba,25101242340000,12/31/2017 12:00:00 AM,0,0,0,Montana,TOOLE,,"Somont Oil Company, Inc.",0,0,0,0
a9d042fe-679a-4e92-ae00-3ca445aed8ba,25101242340000,11/30/2017 12:00:00 AM,0,0,0,Montana,TOOLE,,"Somont Oil Company, Inc.",0,0,0,0
a9d042fe-679a-4e92-ae00-3ca445aed8ba,25101242340000,10/31/2017 12:00:00 AM,0,0,0,Montana,TOOLE,,"Somont Oil Company, Inc.",0,0,0,0
a9d042fe-679a-4e92-ae00-3ca445aed8ba,25101242340000,9/30/2017 12:00:00 AM,0,0,0,Montana,TOOLE,,"Somont Oil Company, Inc.",0,0,0,0
a9d042fe-679a-4e92-ae00-3ca445aed8ba,25101242340000,8/31/2017 12:00:00 AM,0,0,0,Montana,TOOLE,,"Somont Oil Company, Inc.",0,0,0,0
a9d042fe-679a-4e92-ae00-3ca445aed8ba,25101242340000,7/31/2017 12:00:00 AM,0,0,0,Montana,TOOLE,,"Somont Oil Company, Inc.",0,0,0,0
a9d042fe-679a-4e92-ae00-3ca445aed8ba,25101242340000,6/30/2017 12:00:00 AM,0,0,0,Montana,TOOLE,,"Somont Oil Company, Inc.",0,0,0,0
a9d042fe-679a-4e92-ae00-3ca445aed8ba,25101242340000,5/31/2017 12:00:00 AM,0,0,0,Montana,TOOLE,,"Somont Oil Company, Inc.",0,0,0,0
a9d042fe-679a-4e92-ae00-3ca445aed8ba,25101242340000,4/30/2017 12:00:00 AM,0,0,0,Montana,TOOLE,,"Somont Oil Company, Inc.",0,0,0,0
ba191a79-8e71-40a2-b036-53dca80ed7d2,33053063270000,1/1/2018 12:00:00 AM,272,0,21080,North Dakota,MC KENZIE,,Statoil Oil & Gas LP,31,9,0,680
2f6c3a6d-ee17-4d2c-93f0-04147946aeb6,33053076330000,1/1/2018 12:00:00 AM,4313,0,7463,North Dakota,MC KENZIE,,Statoil Oil & Gas LP,31,139,0,241
a77f7e87-0073-4320-993f-c26a7daa39a9,33053063290000,2/1/2018 12:00:00 AM,0,0,0,North Dakota,MC KENZIE,,Statoil Oil & Gas LP,9,0,0,0
a77f7e87-0073-4320-993f-c26a7daa39a9,33053063290000,1/1/2018 12:00:00 AM,42,404,6858,North Dakota,MC KENZIE,,Statoil Oil & Gas LP,2,0,0,221
aba2559c-7c04-4d4d-8dbb-f4a44cae559f,33053076320000,1/1/2018 12:00:00 AM,8623,8375,10801,North Dakota,MC KENZIE,,Statoil Oil & Gas LP,9,958,931,1200
17e82fcf-8b04-475f-81b8-06469fed67cd,05123432170000,11/1/2017 12:00:00 AM,0,0,0,Colorado,WELD,,BARRETT CORPORATION* BILL,0,0,0,0
47c7d40b-fd65-4816-82b9-fc7012787636,35107235910000,3/1/2018 12:00:00 AM,0,62,0,Oklahoma,OKFUSKEE,,GIBSON LES,31,0,2,0
1ead228d-29a7-4694-b082-1f2012138e2e,35153236050000,1/1/2018 12:00:00 AM,0,12355,0,Oklahoma,WOODWARD,,CHESAPEAKE OPERATING LLC,31,0,399,0
7dc797d6-64ec-4f9a-a22e-75fabae5731c,3002543674,1/1/2018 12:00:00 AM,11865,18114,50222,New Mexico,LEA,WC-025 G-06 S263319P,CHEVRON U S A INC,10,1187,1811,5022
40238563-c89d-434b-bbbf-29cee824ede8,3001543687,1/1/2018 12:00:00 AM,5252,12289,78888,New Mexico,EDDY,PURPLE SAGE,"CHISHOLM ENERGY OPERATING, LLC",22,239,559,3586
4cdaedc4-9844-448b-991a-76da7e1d0293,3002544123,2/1/2018 12:00:00 AM,2337,2931,61,New Mexico,LEA,MALJAMAR,"CML EXPLORATION, LLC",28,83,105,2
d5e789c2-8715-44d7-bec1-be63b86d4d1d,3002543838,1/1/2018 12:00:00 AM,4972,5977,7808,New Mexico,LEA,WC-025 G-09 S243532M,COG OPERATING LLC,8,622,747,976
85e61139-d3ad-44f1-938d-4c0501cc550e,3002543370,1/1/2018 12:00:00 AM,117,135,31,New Mexico,LEA,MALJAMAR,CONOCOPHILLIPS COMPANY,31,4,4,1
61a820c6-348a-4088-bf50-2a119a460211,35039224950000,1/1/2018 12:00:00 AM,0,271143,0,Oklahoma,CUSTER,,CONTINENTAL RESOURCES INC.,31,0,8747,0
da37f4c0-a630-422a-bcae-a3921b2154af,33053078240000,1/1/2018 12:00:00 AM,2295,5315,7406,North Dakota,MC KENZIE,,"CONTINENTAL RESOURCES, INC.",7,328,759,1058
33919bb8-8e3f-4801-a24a-d6744617ea94,35063246830000,1/1/2018 12:00:00 AM,0,2561,0,Oklahoma,HUGHES,,CORTERRA ENERGY OPERATING LLC,31,0,83,0
7f41de2f-5269-43e2-a647-13cb339af8f8,4304754414,1/1/2018 12:00:00 AM,25,0,94,Utah,UINTAH,,CRESCENT POINT ENERGY U.S. CORP,31,1,0,3
b3b95213-7592-4b86-8d01-0437e3b4b137,33105040880000,2/1/2018 12:00:00 AM,120,133,1134,North Dakota,WILLIAMS,,CRESCENT POINT ENERGY U.S. CORP.,28,4,5,41
c2d7a8fc-d7f4-4f09-8bb6-da096c6db339,3002543230,1/1/2018 12:00:00 AM,895,1805,14890,New Mexico,LEA,TEAS,"LEGACY RESERVES OPERATING, LP",19,47,95,784
8a97ca63-29cd-4df8-92b9-a82e9336bb80,3001543300,1/1/2018 12:00:00 AM,328,257,27451,New Mexico,EDDY,ATOKA,"LIME ROCK RESOURCES II-A, L.P.",20,16,13,1373
a920e9a2-d3c5-4c39-951e-525c743d0528,3001544499,2/1/2018 12:00:00 AM,488,1673,17406,New Mexico,EDDY,CROW FLATS,MACK ENERGY CORP,28,17,60,622
8b507aa5-0891-4459-ad3b-ca1c1c843a2d,33025032670000,2/1/2018 12:00:00 AM,48021,31306,21449,North Dakota,DUNN,,MARATHON OIL COMPANY,25,1921,1252,858
be01ee1e-1988-48b9-a6f3-6943eeeb07b4,3001544370,1/1/2018 12:00:00 AM,7505,15244,36803,New Mexico,EDDY,FOREHAND RANCH,MARATHON OIL PERMIAN LLC,29,259,526,1269
f8fa3e80-1cde-4cb7-95ce-313892532111,3002544013,1/1/2018 12:00:00 AM,2593,5171,8767,New Mexico,LEA,WC-025 G-06 S233423N,MATADOR PRODUCTION COMPANY,5,519,1034,1753
84554e7f-ba8d-45c9-be3b-4719846a0fb4,33053074120000,2/1/2018 12:00:00 AM,0,0,0,North Dakota,MC KENZIE,,XTO ENERGY INC.,0,0,0,0
12bf9960-1d73-463f-92fd-cc098ece31fd,33105044560000,1/1/2018 12:00:00 AM,5552,164,14405,North Dakota,WILLIAMS,,"ZAVANNA, LLC",11,505,0,1310
218ca53e-41ac-4333-8b5b-e1cc0fd2bd2e,33025031400000,1/1/2018 12:00:00 AM,17733,14669,10546,North Dakota,DUNN,,"WPX ENERGY WILLISTON, LLC",17,1043,863,620
5c48a9ad-b6e5-40cb-9e82-2505f5923c1e,33053079640000,2/1/2018 12:00:00 AM,3045,3044,2837,North Dakota,MC KENZIE,,ENERPLUS RESOURCES USA CORPORATION,4,761,0,709
3fc4e271-942f-4e1d-b2a7-7da06c9c32d4,3002543936,1/1/2018 12:00:00 AM,6340,13241,94874,New Mexico,LEA,WC-025 G-08 S233528D,EOG RESOURCES INC,31,205,427,3060
530adb47-02a4-4575-8223-9421bf71830a,4301353467,1/1/2018 12:00:00 AM,3108,4357,5719,Utah,DUCHESNE,,"EP ENERGY E&P COMPANY, L.P.",26,120,168,220
541f752d-b0b6-49c4-8575-87c6b7189648,33053081110000,2/1/2018 12:00:00 AM,27970,48712,12904,North Dakota,MC KENZIE,,NEWFIELD PRODUCTION COMPANY,28,999,1740,461
dd387aee-1837-411a-89c1-b7bf77f4a02b,33105025890000,2/1/2018 12:00:00 AM,21601,14174,61135,North Dakota,WILLIAMS,,"Nine Point Energy, LLC",28,771,506,2183
55c1b1e8-ba5b-4090-a84c-abc59f76d33c,3002543846,1/1/2018 12:00:00 AM,0,0,52112,New Mexico,LEA,HOBBS,OCCIDENTAL PERMIAN LTD,27,0,0,1930
53555017-cd1d-4b0b-b6df-43c977c00573,3001544438,1/1/2018 12:00:00 AM,90128,155615,488102,New Mexico,EDDY,PURPLE SAGE,OXY USA INC,31,2907,5020,15745
2313e93e-9d78-43de-b078-7e34b846fa12,3002120638,7/1/2016 12:00:00 AM,0,0,0,New Mexico,HARDING,,OXY USA INC.,0,0,0,0
43fc1e7a-f061-4182-833d-b5b44e102c4d,3001544142,12/1/2017 12:00:00 AM,0,0,0,New Mexico,EDDY,TURKEY TRACK,OXY USA WTP LIMITED PARTNERSHIP,0,0,0,0
a3d9aeb9-f66b-44af-a676-98eda3e1a213,3001544365,1/1/2018 12:00:00 AM,5032,4145,73301,New Mexico,EDDY,N. SEVEN RIVERS,"PERCUSSION PETROLEUM OPERATING, LLC",21,240,197,3491
61db6d29-7a76-4d4e-a440-0d974a58d36d,33025026090000,1/1/2018 12:00:00 AM,9012,6932,11097,North Dakota,DUNN,,"PETRO-HUNT, L.L.C.",16,563,433,694
3b2c0ad8-55c4-47fb-82c5-1fd5190d98b7,33061037480000,2/1/2018 12:00:00 AM,1385,942,2517,North Dakota,MOUNTRAIL,,"SLAWSON EXPLORATION COMPANY, INC.",23,60,41,109
a9d042fe-679a-4e92-ae00-3ca445aed8ba,25101242340000,3/31/2017 12:00:00 AM,0,0,0,Montana,TOOLE,,"Somont Oil Company, Inc.",0,0,0,0
ab2fa47d-0472-48e9-b2cc-4b5c5fb9ec68,33053063260000,1/1/2018 12:00:00 AM,781,0,12689,North Dakota,MC KENZIE,,Statoil Oil & Gas LP,31,25,0,409
be57b523-0787-475f-a2b1-e7f8295dd875,3001543520,1/1/2018 12:00:00 AM,8112,11252,35554,New Mexico,EDDY,CEDAR LAKE,APACHE CORP,31,262,363,1147
982bd314-9d10-42f9-854e-ea0eede7f8cd,05083064380100,1/1/2018 12:00:00 AM,0,27795,0,Colorado,MONTEZUMA,,KINDER MORGAN CO2 CO LP,31,0,897,0
9f962611-e3cf-4be0-b506-02a1213275fc,05083066010100,1/1/2018 12:00:00 AM,0,821059,0,Colorado,MONTEZUMA,,KINDER MORGAN CO2 CO LP,31,0,26486,0
f47b585e-534f-46fa-b44e-3dc26ef41de2,3002543909,2/1/2018 12:00:00 AM,2976,0,56915,New Mexico,LEA,WC-025 G-06 S213326D,"ADVANCE ENERGY PARTNERS HAT MESA, LLC",12,248,0,4743
9344faa9-fc22-4d13-8369-16b4a08d3239,3001544399,1/1/2018 12:00:00 AM,9303,10682,15280,New Mexico,EDDY,CEDAR LAKE,APACHE CORP,31,300,345,493
bcb3a84d-37fa-4d1b-8181-fa2a43b75eb8,05083063800100,1/1/2018 12:00:00 AM,0,479300,0,Colorado,MONTEZUMA,,KINDER MORGAN CO2 CO LP,31,0,15461,0
0db69f39-926d-43bc-8a4a-653dbac0e975,17023232060000,1/1/2018 12:00:00 AM,833,4050.636,833,Louisiana,CAMERON,BLACK BAYOU - CAMERON,"ROBERTSON ENERGY, LLC",31,296,1437,27
